id,first_name,last_name,email,gender,ip_address,job_title,company
1,Dag,Fearfull,dfearfull0@ft.com,Male,9.31.73.191,Compensation Analyst,Eadel
2,Portie,Verlinden,pverlinden1@surveymonkey.com,Male,109.224.47.105,Structural Analysis Engineer,Edgewire
3,Alic,Garnett,agarnett2@last.fm,Male,72.114.132.75,Health Coach I,Oyoloo
4,Keen,Sondon,ksondon3@wikimedia.org,Male,104.172.91.112,Internal Auditor,Reallinks
5,Ginger,Beer,gbeer4@hugedomains.com,Male,80.248.191.179,VP Sales,Flipstorm
6,Bobby,Keightley,bkeightley5@ca.gov,Male,80.138.131.13,Research Associate,Gabcube
7,Leslie,Bricket,lbricket6@cam.ac.uk,Genderqueer,251.246.129.58,Senior Financial Analyst,Oyoyo
8,Tyne,Cordero,tcordero7@t.co,Female,42.154.201.191,Biostatistician III,Vipe
9,Rinaldo,Lorand,rlorand8@about.com,Male,98.80.96.19,Cost Accountant,Shuffletag
10,Nathaniel,Lackham,nlackham9@ucoz.com,Male,58.213.135.3,Pharmacist,Oyondu
11,Tremaine,O'Quin,toquina@ask.com,Male,33.195.161.119,Biostatistician I,Innojam
12,Niles,Casolla,ncasollab@state.tx.us,Male,97.142.226.14,Librarian,DabZ
13,Lisabeth,Elleyne,lelleynec@ameblo.jp,Female,104.45.7.187,Web Designer II,Dynava
14,Sukey,Tarren,starrend@ameblo.jp,Female,176.207.234.44,Social Worker,Skibox
15,Olenka,Stonhard,ostonharde@sitemeter.com,Female,203.157.232.186,Nuclear Power Engineer,Fatz
16,Lem,Cooke,lcookef@npr.org,Male,247.18.187.120,Geologist II,Tagpad
17,Nap,Brikner,nbriknerg@wufoo.com,Male,58.171.72.199,Sales Representative,Skimia
18,Judas,Sherman,jshermanh@ft.com,Male,129.126.36.82,Web Developer III,Kamba
19,Wandis,Kerfod,wkerfodi@goo.gl,Female,8.152.166.31,Pharmacist,Kwideo
20,Greta,Catmull,gcatmullj@ihg.com,Female,132.0.43.250,Safety Technician II,Wordpedia
21,Julia,Korb,jkorbk@scientificamerican.com,Female,113.125.203.53,Speech Pathologist,Yotz
22,Bellina,Mathys,bmathysl@moonfruit.com,Female,251.132.48.245,Financial Advisor,Meetz
23,Leilah,Vian,lvianm@arstechnica.com,Female,167.92.2.130,Marketing Assistant,Blogtags
24,Ulrika,Johanning,ujohanningn@plala.or.jp,Female,56.33.203.0,Graphic Designer,Roomm
25,Claudell,Pyrke,cpyrkeo@discovery.com,Male,101.58.130.225,Tax Accountant,Wikibox
26,Lucky,Halson,lhalsonp@51.la,Female,221.219.25.34,Assistant Professor,Jamia
27,Erhard,Creak,ecreakq@icq.com,Male,185.190.235.97,Accounting Assistant II,Devpulse
28,Eldin,Bachmann,ebachmannr@ycombinator.com,Male,31.29.116.25,Mechanical Systems Engineer,Mudo
29,Anitra,Carl,acarls@trellian.com,Female,249.215.50.240,VP Marketing,Thoughtbridge
30,Ilka,Perutto,iperuttot@mapquest.com,Female,150.123.154.207,Structural Engineer,Realcube
31,Russ,Mariolle,rmariolleu@skyrock.com,Male,141.184.126.168,Budget/Accounting Analyst II,Yata
32,Rhianon,Curwen,rcurwenv@w3.org,Genderqueer,64.247.130.57,Cost Accountant,Zoomdog
33,Nicolais,Grayham,ngrayhamw@ox.ac.uk,Male,235.115.196.154,Research Associate,Fanoodle
34,Jilleen,Brewitt,jbrewittx@theglobeandmail.com,Female,178.194.245.91,Executive Secretary,Livefish
35,Richart,Riolfi,rriolfiy@google.de,Male,91.220.214.225,Technical Writer,Aivee
36,Janka,Iltchev,jiltchevz@wufoo.com,Female,66.38.213.128,Senior Editor,Topicshots
37,Elihu,Caroli,ecaroli10@nature.com,Male,234.1.210.116,Editor,Yamia
38,Horatia,Gething,hgething11@dropbox.com,Female,46.12.129.95,Structural Engineer,Gabvine
39,Ferrell,Brobyn,fbrobyn12@reverbnation.com,Non-binary,108.35.74.85,Administrative Officer,Feedbug
40,Theadora,O'Hogertie,tohogertie13@github.com,Female,241.160.240.223,Safety Technician IV,Dynabox
41,Keefer,Colvin,kcolvin14@domainmarket.com,Male,182.153.113.110,Dental Hygienist,Janyx
42,Bowie,Lavington,blavington15@blogtalkradio.com,Male,213.140.204.181,Assistant Media Planner,Mymm
43,Pepi,While,pwhile16@goodreads.com,Female,33.41.50.6,Compensation Analyst,Oyope
44,Graham,Mattsson,gmattsson17@wix.com,Male,52.198.209.93,Design Engineer,Skibox
45,Sigismond,Kinnaird,skinnaird18@alibaba.com,Male,208.188.217.223,Internal Auditor,Devbug
46,Lorita,Horlick,lhorlick19@infoseek.co.jp,Female,70.57.89.218,Accountant II,Yodoo
47,Dolf,Cadalleder,dcadalleder1a@php.net,Male,106.125.152.255,Quality Engineer,Eare
48,Stepha,Billison,sbillison1b@tiny.cc,Female,132.240.136.2,Recruiter,Devpulse
49,Dan,Cruft,dcruft1c@newsvine.com,Male,144.213.175.78,Human Resources Assistant III,Shufflester
50,Rowen,Gerbl,rgerbl1d@geocities.jp,Male,231.243.145.20,Recruiting Manager,Lajo
51,Shay,Baroche,sbaroche1e@i2i.jp,Female,22.198.210.98,Tax Accountant,Dynabox
52,Emanuele,Willimott,ewillimott1f@tinyurl.com,Male,22.170.53.79,Nuclear Power Engineer,Edgeblab
53,Madelaine,Pescud,mpescud1g@163.com,Female,104.97.31.177,Environmental Tech,Skimia
54,Irita,Shrubshall,ishrubshall1h@cyberchimps.com,Female,29.11.69.231,Media Manager II,Skaboo
55,Lyssa,Pluck,lpluck1i@tripod.com,Female,37.249.178.24,Project Manager,Brainsphere
56,Chaim,Gillingham,cgillingham1j@flavors.me,Male,56.153.138.178,Staff Accountant III,Wordify
57,Dayna,Beckson,dbeckson1k@amazon.co.jp,Female,91.27.4.99,Executive Secretary,Izio
58,Barrie,Kullmann,bkullmann1l@nature.com,Female,123.29.69.159,Nurse Practicioner,Oloo
59,Gerald,Dradey,gdradey1m@forbes.com,Male,2.34.240.129,Payment Adjustment Coordinator,Browseblab
60,Zebedee,Dearlove,zdearlove1n@smh.com.au,Male,135.100.129.243,Staff Scientist,Avamba
61,Niki,Acland,nacland1o@miibeian.gov.cn,Female,37.7.239.80,Statistician I,Photojam
62,Chrissie,Patise,cpatise1p@instagram.com,Female,182.254.109.245,Executive Secretary,Photojam
63,Kippy,Antoniazzi,kantoniazzi1q@java.com,Female,169.120.18.52,Director of Sales,Mybuzz
64,Eustace,Friary,efriary1r@gov.uk,Male,172.240.79.199,Operator,Quaxo
65,Cecilius,Linklet,clinklet1s@delicious.com,Male,238.184.55.71,Statistician II,Mydeo
66,Lisabeth,Finch,lfinch1t@tamu.edu,Female,73.54.124.57,Engineer IV,Thoughtstorm
67,Tobias,Boliver,tboliver1u@altervista.org,Male,79.228.201.249,Actuary,Meedoo
68,Alisun,Axe,aaxe1v@washingtonpost.com,Female,174.7.100.162,Software Consultant,Dynazzy
69,Gay,Feehely,gfeehely1w@loc.gov,Male,168.204.84.27,Assistant Manager,Geba
70,Jocelin,Pottle,jpottle1x@yelp.com,Female,99.62.237.38,Help Desk Operator,Gigazoom
71,Fabian,MacCroary,fmaccroary1y@cafepress.com,Male,62.251.10.232,Occupational Therapist,Gigashots
72,Siegfried,Martensen,smartensen1z@google.com,Male,31.33.149.201,VP Accounting,Jetpulse
73,Lothario,Sibbet,lsibbet20@psu.edu,Male,96.62.249.52,VP Product Management,Twimbo
74,Lucie,Brigham,lbrigham21@stumbleupon.com,Female,167.234.166.97,Senior Cost Accountant,Browsedrive
75,Cleveland,Reace,creace22@pbs.org,Male,147.133.99.138,Assistant Media Planner,Tavu
76,Fletch,Easum,feasum23@slashdot.org,Male,177.102.211.244,Administrative Assistant III,Edgeify
77,Anna,Harewood,aharewood24@buzzfeed.com,Non-binary,199.41.252.44,Physical Therapy Assistant,Shufflester
78,Fancie,Obern,fobern25@smugmug.com,Female,222.229.102.188,Electrical Engineer,Voolia
79,Packston,Slocket,pslocket26@sourceforge.net,Male,68.163.39.53,Computer Systems Analyst IV,Dabvine
80,Agustin,Sexty,asexty27@fc2.com,Male,124.230.106.155,Legal Assistant,Skibox
81,Lelia,McAuliffe,lmcauliffe28@time.com,Female,155.177.128.61,Accountant I,Agivu
82,Clive,aManger,camanger29@webs.com,Male,107.246.66.242,Registered Nurse,Wordware
83,Hedda,Reyner,hreyner2a@wsj.com,Female,73.156.208.7,VP Quality Control,Dynabox
84,Brock,Enevoldsen,benevoldsen2b@aol.com,Male,27.229.16.45,Civil Engineer,Bubblebox
85,Yorgos,Crate,ycrate2c@tiny.cc,Male,35.165.151.212,Account Executive,Roomm
86,Julio,Pallis,jpallis2d@europa.eu,Male,84.193.212.20,Administrative Officer,Jetwire
87,Zonnya,Lindenblatt,zlindenblatt2e@ameblo.jp,Female,79.166.84.9,Information Systems Manager,Oyope
88,Lorry,Theobalds,ltheobalds2f@usa.gov,Polygender,230.163.168.53,Associate Professor,Brainverse
89,Valerie,Bertomier,vbertomier2g@google.es,Female,39.123.68.255,Sales Representative,Avaveo
90,Angy,Berndtssen,aberndtssen2h@nyu.edu,Female,110.6.203.19,Design Engineer,Snaptags
91,Natka,Mc Giffin,nmcgiffin2i@irs.gov,Female,30.211.83.108,Registered Nurse,Skinder
92,Phedra,Girardot,pgirardot2j@senate.gov,Female,118.11.235.16,Occupational Therapist,Shufflebeat
93,Rosemary,Doghartie,rdoghartie2k@mozilla.com,Polygender,214.147.184.227,Paralegal,Devpulse
94,Steffen,Tortoishell,stortoishell2l@parallels.com,Male,3.86.67.211,Internal Auditor,Yakijo
95,Redd,Dranfield,rdranfield2m@digg.com,Male,83.85.192.19,Professor,Kayveo
96,Alasdair,Passy,apassy2n@pen.io,Male,36.179.144.188,Analyst Programmer,Ainyx
97,Horatio,Westberg,hwestberg2o@ucoz.ru,Male,65.36.169.56,Social Worker,Eire
98,Fidel,Welden,fwelden2p@ovh.net,Male,86.79.27.1,Account Coordinator,Wordware
99,Culley,Ritter,critter2q@stanford.edu,Male,10.161.67.184,Programmer II,Lajo
100,Chiquita,Habeshaw,chabeshaw2r@bravesites.com,Female,254.9.249.56,Associate Professor,Aibox
101,Sigismund,Allebone,sallebone2s@lycos.com,Male,251.147.96.102,Geological Engineer,Digitube
102,Coop,Gawn,cgawn2t@exblog.jp,Agender,104.182.196.186,Office Assistant I,Cogidoo
103,Batsheva,Manuel,bmanuel2u@nature.com,Non-binary,212.62.244.195,Media Manager III,Npath
104,Sheffield,Godwin,sgodwin2v@vk.com,Male,218.212.124.230,Senior Sales Associate,Divavu
105,Garold,Merfin,gmerfin2w@nsw.gov.au,Male,226.172.54.202,Data Coordiator,Meejo
106,Cary,Sparshott,csparshott2x@bluehost.com,Male,93.193.219.29,Registered Nurse,Bubblemix
107,Jerald,Kirkwood,jkirkwood2y@hexun.com,Male,195.116.22.127,Staff Scientist,Aimbo
108,Steven,Duckitt,sduckitt2z@state.tx.us,Male,43.249.162.5,Social Worker,Oozz
109,Layne,Skiggs,lskiggs30@free.fr,Female,233.139.35.61,Human Resources Assistant I,Babbleblab
110,Llywellyn,Pedley,lpedley31@live.com,Male,101.60.129.128,Quality Engineer,Roombo
111,Matilde,Lanigan,mlanigan32@mediafire.com,Female,176.210.36.64,Quality Control Specialist,Yodel
112,Everett,Meegan,emeegan33@google.com.br,Male,180.41.133.237,Assistant Manager,Meetz
113,Sonny,Huertas,shuertas34@istockphoto.com,Non-binary,64.216.71.14,Senior Developer,Divanoodle
114,Saxon,Zorzini,szorzini35@w3.org,Male,212.181.91.118,Project Manager,Youbridge
115,Bobby,Starmont,bstarmont36@dmoz.org,Female,229.100.240.249,VP Marketing,Innotype
116,Darda,Vonasek,dvonasek37@sourceforge.net,Female,41.14.123.10,Design Engineer,Agivu
117,Sibbie,Feighry,sfeighry38@microsoft.com,Female,70.158.35.157,Health Coach II,Feedfish
118,Forbes,Jefferies,fjefferies39@mit.edu,Male,214.150.170.22,Assistant Professor,Gigazoom
119,Antonius,Lawty,alawty3a@yale.edu,Male,105.91.12.232,Associate Professor,Topdrive
120,Cammie,Jzhakov,cjzhakov3b@uiuc.edu,Female,240.46.54.224,Computer Systems Analyst I,Dabvine
121,Octavius,Budnk,obudnk3c@soundcloud.com,Male,39.46.208.171,Help Desk Technician,Yakijo
122,Travis,Pauly,tpauly3d@delicious.com,Male,171.181.85.158,Legal Assistant,Thoughtstorm
123,Donnell,Luckin,dluckin3e@bing.com,Male,139.77.105.206,Physical Therapy Assistant,Yakitri
124,Richmound,Shewan,rshewan3f@altervista.org,Male,35.139.200.252,Associate Professor,Bubblemix
125,Parnell,Aspall,paspall3g@trellian.com,Bigender,91.253.111.87,Assistant Manager,Dabfeed
126,Maressa,Viste,mviste3h@utexas.edu,Female,118.214.186.204,Analyst Programmer,Yadel
127,Chen,Monroe,cmonroe3i@wordpress.org,Male,61.216.177.182,Help Desk Operator,Ooba
128,Yvon,Cultcheth,ycultcheth3j@webnode.com,Male,95.10.73.29,Cost Accountant,Divanoodle
129,Ariel,Colebourn,acolebourn3k@java.com,Female,242.84.152.159,Senior Developer,Latz
130,Ossie,Jochanany,ojochanany3l@ucla.edu,Male,28.117.120.232,Paralegal,Innojam
131,Orlando,Polden,opolden3m@altervista.org,Male,220.201.23.250,Senior Cost Accountant,Dynava
132,Shirleen,Shiels,sshiels3n@mtv.com,Female,115.190.248.42,Research Associate,Riffwire
133,Jecho,Kubicki,jkubicki3o@toplist.cz,Male,166.63.144.126,Associate Professor,Demizz
134,Jazmin,Sheriff,jsheriff3p@purevolume.com,Female,158.96.207.177,Health Coach IV,Oyonder
135,Carlotta,Goulder,cgoulder3q@fda.gov,Female,236.66.107.145,Desktop Support Technician,Skidoo
136,Layne,Sorley,lsorley3r@sitemeter.com,Female,227.97.34.113,Software Engineer I,Zooxo
137,Ariel,Lorenzetti,alorenzetti3s@reverbnation.com,Male,205.90.9.208,Assistant Manager,Cogilith
138,Casar,Shoulders,cshoulders3t@jugem.jp,Male,23.14.137.78,Paralegal,Edgeclub
139,Brucie,Pitcaithley,bpitcaithley3u@macromedia.com,Male,128.109.32.203,Senior Quality Engineer,Skipfire
140,Renado,Worner,rworner3v@apache.org,Genderfluid,218.255.188.60,VP Accounting,Voomm
141,Guillaume,Zapata,gzapata3w@ucsd.edu,Male,248.65.45.38,Analog Circuit Design manager,Pixoboo
142,Bebe,Sweetman,bsweetman3x@dailymotion.com,Polygender,174.237.65.174,Cost Accountant,Gabtype
143,Sutherland,Currey,scurrey3y@ftc.gov,Male,167.14.12.34,Research Associate,Flashdog
144,Luise,Haime,lhaime3z@nyu.edu,Female,157.2.177.228,Mechanical Systems Engineer,Twimm
145,Jenna,Anton,janton40@prlog.org,Female,105.212.51.34,Account Executive,Eare
146,Domini,Fuchs,dfuchs41@tripod.com,Female,65.230.17.30,Web Designer IV,Jaxbean
147,Cybil,Duckering,cduckering42@topsy.com,Female,162.23.206.52,Office Assistant I,Trunyx
148,Avivah,Skillen,askillen43@sciencedaily.com,Female,97.226.114.50,Senior Quality Engineer,Yakidoo
149,Rani,Geerits,rgeerits44@gnu.org,Female,201.77.51.88,Chemical Engineer,Zoombox
150,Yvon,Gibberd,ygibberd45@smugmug.com,Male,164.134.169.204,Accounting Assistant IV,Gevee
151,Courtenay,Pickston,cpickston46@japanpost.jp,Female,142.252.9.85,Programmer Analyst III,Talane
152,Nadeen,Gilkes,ngilkes47@lycos.com,Female,249.223.238.74,Software Test Engineer II,Livefish
153,Ira,Boother,iboother48@acquirethisname.com,Female,177.174.43.39,Senior Developer,Realfire
154,Wayne,Fairman,wfairman49@artisteer.com,Male,57.46.192.88,Director of Sales,Yacero
155,Orel,Pearse,opearse4a@prnewswire.com,Female,189.68.63.79,Associate Professor,Thoughtmix
156,Vaughan,Swigger,vswigger4b@tinyurl.com,Male,209.119.49.8,Account Representative II,Quire
157,Rozelle,Jantot,rjantot4c@stanford.edu,Female,119.88.187.199,Computer Systems Analyst II,Devpoint
158,Kirbee,Larkin,klarkin4d@multiply.com,Female,85.64.158.140,Tax Accountant,Innojam
159,Ofelia,Breslauer,obreslauer4e@hhs.gov,Female,70.26.233.113,Electrical Engineer,Jetwire
160,Kaylil,Brawn,kbrawn4f@people.com.cn,Female,161.126.47.173,Safety Technician II,Browsezoom
161,Tremayne,Weld,tweld4g@ihg.com,Male,16.73.74.60,Nurse Practicioner,Jaxbean
162,Jecho,Flaune,jflaune4h@cafepress.com,Genderqueer,98.170.190.186,Quality Engineer,Voonyx
163,Mufi,Dewsbury,mdewsbury4i@parallels.com,Female,207.144.211.131,Help Desk Operator,Avavee
164,Teddy,Tessington,ttessington4j@tumblr.com,Male,91.179.245.72,Human Resources Manager,Fatz
165,Kit,Rehn,krehn4k@google.de,Male,44.196.201.45,Geological Engineer,Brainverse
166,Analiese,Vegas,avegas4l@google.de,Female,119.11.172.8,Web Designer IV,Dabtype
167,Iormina,Wickie,iwickie4m@ucsd.edu,Female,117.156.115.37,Sales Associate,Aivee
168,Ogdan,O'Fogerty,oofogerty4n@va.gov,Genderqueer,250.53.6.158,Executive Secretary,Oodoo
169,Fulton,Free,ffree4o@360.cn,Male,104.112.30.160,Sales Representative,Dabtype
170,Sandie,Yoell,syoell4p@reuters.com,Female,191.169.172.156,Chemical Engineer,Plambee
171,Haley,Wivell,hwivell4q@printfriendly.com,Female,130.17.27.145,Media Manager IV,Thoughtstorm
172,Korie,Bonniface,kbonniface4r@independent.co.uk,Female,143.246.212.244,Software Consultant,Ozu
173,Amelina,Castiello,acastiello4s@netvibes.com,Female,224.29.12.181,Budget/Accounting Analyst III,Wikizz
174,Mackenzie,Simmank,msimmank4t@wiley.com,Genderfluid,132.155.159.50,Analyst Programmer,Brainverse
175,Erinn,Clemow,eclemow4u@shinystat.com,Female,25.251.48.95,Food Chemist,Rhybox
176,Ysabel,Minchinden,yminchinden4v@youtu.be,Female,33.216.180.110,Automation Specialist II,Buzzbean
177,Carlie,De Lasci,cdelasci4w@51.la,Male,243.226.237.130,Junior Executive,Livetube
178,Annabelle,Waddington,awaddington4x@nyu.edu,Female,145.180.138.212,Nurse,Fiveclub
179,Inez,Kuhwald,ikuhwald4y@constantcontact.com,Female,58.156.60.63,Data Coordiator,Quimba
180,Jessica,Heather,jheather4z@reuters.com,Bigender,5.5.60.234,Business Systems Development Analyst,Babblestorm
181,Griff,Khan,gkhan50@amazon.de,Male,250.123.37.67,Statistician I,Jatri
182,Sascha,Royden,sroyden51@ning.com,Female,254.45.190.193,Dental Hygienist,LiveZ
183,Reinaldo,Louis,rlouis52@hp.com,Male,14.93.165.112,VP Quality Control,Dabtype
184,Corri,Dymick,cdymick53@chicagotribune.com,Genderqueer,142.193.4.4,Research Nurse,Jabberstorm
185,Sam,Petrashov,spetrashov54@businessinsider.com,Female,253.222.237.41,Editor,Quatz
186,Yetta,Merry,ymerry55@businessinsider.com,Female,117.107.246.35,Statistician IV,Livetube
187,Warden,Jackalin,wjackalin56@nbcnews.com,Male,29.44.128.235,General Manager,Twitterworks
188,Lucais,Swanborough,lswanborough57@geocities.jp,Male,15.211.192.234,Statistician II,Aimbo
189,Ronny,Herety,rherety58@wix.com,Male,219.242.204.228,Developer IV,Zoozzy
190,Eberhard,Kuller,ekuller59@go.com,Male,148.17.77.50,Developer III,Wikizz
191,Tirrell,Lockey,tlockey5a@themeforest.net,Male,68.60.173.173,Actuary,Kayveo
192,Teador,Jirzik,tjirzik5b@dot.gov,Male,200.118.170.121,Media Manager I,Demimbu
193,Myrwyn,Di Iorio,mdiiorio5c@tripadvisor.com,Male,100.189.97.232,Assistant Manager,Fanoodle
194,Irvine,Willan,iwillan5d@1und1.de,Polygender,114.67.122.14,Design Engineer,Zoonoodle
195,Blaire,O'Corren,bocorren5e@ted.com,Female,214.225.150.201,Account Representative I,Babbleset
196,Laurie,Eggerton,leggerton5f@cam.ac.uk,Female,208.186.6.14,Budget/Accounting Analyst II,Mycat
197,Bernie,Jeanel,bjeanel5g@4shared.com,Female,4.125.203.118,Product Engineer,Shufflester
198,Aristotle,Rouf,arouf5h@examiner.com,Male,18.108.100.229,Biostatistician III,Edgeify
199,Gracie,Matthis,gmatthis5i@pagesperso-orange.fr,Female,158.208.31.104,Design Engineer,Brainbox
200,Letta,Lalevee,llalevee5j@sitemeter.com,Female,237.219.111.75,Computer Systems Analyst II,Rooxo
201,Filberte,Stoodale,fstoodale5k@bloglines.com,Male,141.155.153.41,Software Engineer I,Tagfeed
202,Hayyim,Favey,hfavey5l@japanpost.jp,Male,89.109.162.18,VP Accounting,Vinder
203,Alfy,Chaudron,achaudron5m@behance.net,Female,204.161.205.119,Operator,Trupe
204,Michale,Leimster,mleimster5n@dailymotion.com,Male,53.174.138.60,Chemical Engineer,Bluejam
205,Anabel,Bevan,abevan5o@github.com,Female,96.67.184.58,Software Test Engineer II,Dabvine
206,Madella,Toppes,mtoppes5p@clickbank.net,Female,39.158.204.220,Software Consultant,Jabbertype
207,Alvinia,Scawn,ascawn5q@flavors.me,Female,189.201.183.139,Chief Design Engineer,Feedfire
208,Terrijo,Cowp,tcowp5r@hao123.com,Female,57.40.214.40,Assistant Manager,Jatri
209,Kacy,Cafe,kcafe5s@zdnet.com,Female,114.121.238.140,Software Consultant,Dynabox
210,Tailor,Mordey,tmordey5t@de.vu,Male,81.146.40.6,Account Representative I,Voomm
211,Elga,Jarmyn,ejarmyn5u@mlb.com,Non-binary,236.235.194.65,Junior Executive,Zoomdog
212,Clara,Creffeild,ccreffeild5v@princeton.edu,Female,159.223.171.222,Environmental Specialist,Flipbug
213,Murvyn,Glayzer,mglayzer5w@bigcartel.com,Male,197.16.243.133,Graphic Designer,Twitterbridge
214,Kiel,Harget,kharget5x@cmu.edu,Male,32.37.63.97,Quality Control Specialist,Avamm
215,Tiffi,Laird,tlaird5y@ning.com,Female,49.68.15.45,Administrative Officer,Meevee
216,Trina,Riglar,triglar5z@deviantart.com,Female,204.113.238.167,Director of Sales,Tagcat
217,Ermentrude,Deveraux,edeveraux60@businessweek.com,Female,20.233.194.49,Senior Financial Analyst,Vitz
218,Herc,Crick,hcrick61@uiuc.edu,Male,238.12.177.35,Mechanical Systems Engineer,Blognation
219,Grannie,Quinby,gquinby62@techcrunch.com,Bigender,90.123.136.191,Safety Technician I,Twitterwire
220,Terencio,Gurwood,tgurwood63@businesswire.com,Male,219.174.111.94,Actuary,Myworks
221,Archy,Marousek,amarousek64@census.gov,Male,159.221.86.206,Statistician IV,Devcast
222,Carlin,Samsin,csamsin65@amazon.co.jp,Male,170.170.107.22,Budget/Accounting Analyst III,Meezzy
223,Hillyer,Scamaden,hscamaden66@census.gov,Male,136.148.35.177,Senior Financial Analyst,Jabbercube
224,Chalmers,Addenbrooke,caddenbrooke67@columbia.edu,Male,196.202.242.163,VP Marketing,Jayo
225,Bev,Gorbell,bgorbell68@cloudflare.com,Male,155.11.75.29,Cost Accountant,Reallinks
226,Melodie,Duff,mduff69@nbcnews.com,Female,191.152.148.180,Assistant Media Planner,Flashset
227,Milt,Sprey,msprey6a@ucoz.ru,Genderqueer,93.42.125.191,Sales Associate,Edgeify
228,Melamie,Craine,mcraine6b@hao123.com,Female,181.0.23.150,Structural Engineer,Eidel
229,Briny,Guesford,bguesford6c@adobe.com,Female,66.43.55.211,VP Product Management,Photobug
230,Corliss,Duhig,cduhig6d@salon.com,Female,124.63.172.98,Executive Secretary,Skyndu
231,Robby,Joll,rjoll6e@earthlink.net,Female,175.121.229.20,Health Coach IV,Fatz
232,Mort,Verryan,mverryan6f@ocn.ne.jp,Male,26.114.100.68,Software Test Engineer IV,Twinte
233,Albie,Weyman,aweyman6g@list-manage.com,Male,66.93.138.78,Librarian,Quimm
234,Amber,Base,abase6h@usda.gov,Female,109.16.45.143,Electrical Engineer,Einti
235,Kirbee,Sukbhans,ksukbhans6i@nationalgeographic.com,Female,254.250.81.72,Nurse,Eimbee
236,Doralia,Boden,dboden6j@vk.com,Female,46.113.224.30,Editor,Realfire
237,Blithe,Haime,bhaime6k@smugmug.com,Female,93.57.179.210,Quality Control Specialist,Jaxworks
238,Kalinda,Faux,kfaux6l@state.tx.us,Female,240.41.245.245,Tax Accountant,Oloo
239,Silvio,Veck,sveck6m@squarespace.com,Genderqueer,58.230.127.179,Recruiting Manager,Viva
240,Leif,Camocke,lcamocke6n@tmall.com,Male,166.32.35.6,Assistant Media Planner,Janyx
241,Rory,Geare,rgeare6o@goodreads.com,Male,159.12.67.54,Paralegal,Demivee
242,Jeane,Lilly,jlilly6p@statcounter.com,Female,137.50.234.195,Data Coordiator,Kayveo
243,Coreen,Beeching,cbeeching6q@telegraph.co.uk,Female,27.119.21.83,Compensation Analyst,Myworks
244,Margareta,Nanson,mnanson6r@moonfruit.com,Female,131.153.134.192,Quality Engineer,Thoughtbeat
245,Phelia,Frewer,pfrewer6s@un.org,Female,205.115.50.162,Web Designer III,Abata
246,Bonita,Henighan,bhenighan6t@nih.gov,Female,146.181.121.82,Operator,Skaboo
247,Elianore,Daniely,edaniely6u@clickbank.net,Female,84.194.25.207,Actuary,Zooxo
248,Jo-ann,Jaggi,jjaggi6v@seattletimes.com,Female,82.136.245.86,Geological Engineer,Gigazoom
249,Marta,Buckett,mbuckett6w@sitemeter.com,Female,6.56.142.104,Pharmacist,Tagopia
250,Rosabelle,Stayt,rstayt6x@shop-pro.jp,Female,113.166.219.220,Research Associate,Devpoint
251,Jeanine,Nother,jnother6y@mashable.com,Female,32.78.35.240,Electrical Engineer,Dablist
252,Johannes,Ellingsworth,jellingsworth6z@ning.com,Male,201.0.165.254,Data Coordiator,Oyope
253,Kassey,Evenett,kevenett70@w3.org,Female,61.162.65.105,Research Assistant IV,Skyvu
254,Gram,Nockles,gnockles71@theguardian.com,Male,164.131.165.102,Environmental Tech,Midel
255,Gustavo,Stivey,gstivey72@examiner.com,Male,30.233.210.109,Developer I,Avavee
256,Elaine,Di Maria,edimaria73@prweb.com,Female,18.158.208.48,Assistant Professor,Buzzdog
257,Enoch,Gunbie,egunbie74@wikia.com,Male,248.121.47.198,VP Quality Control,Jabbersphere
258,Marshall,Fisbey,mfisbey75@4shared.com,Male,178.152.180.127,Senior Developer,Yombu
259,Fania,Wordington,fwordington76@geocities.jp,Female,6.142.215.160,VP Sales,Kwilith
260,Annabel,Leakner,aleakner77@howstuffworks.com,Female,107.116.56.249,Senior Editor,Agimba
261,Alyss,Saltwell,asaltwell78@edublogs.org,Female,178.154.51.197,Geological Engineer,Voomm
262,Gerrard,Wilbor,gwilbor79@merriam-webster.com,Male,102.171.51.222,Programmer Analyst II,Zoomdog
263,Jarrett,Nutkin,jnutkin7a@foxnews.com,Male,69.49.150.146,Recruiting Manager,Fiveclub
264,Ase,Purkess,apurkess7b@cisco.com,Male,61.17.2.234,Nurse,Browsetype
265,Neile,Jewer,njewer7c@weibo.com,Female,248.145.11.18,Pharmacist,Dynabox
266,Laughton,McGuff,lmcguff7d@foxnews.com,Male,236.108.12.66,Legal Assistant,Skippad
267,Lil,Alberti,lalberti7e@webmd.com,Female,73.68.186.36,Account Executive,Skidoo
268,Molly,Wainwright,mwainwright7f@google.ca,Female,234.8.237.54,Desktop Support Technician,Blogpad
269,Colleen,Stickney,cstickney7g@bluehost.com,Female,73.212.39.252,Assistant Media Planner,Eabox
270,Gayel,Poltone,gpoltone7h@nasa.gov,Female,225.104.207.36,Marketing Assistant,Browsebug
271,Meggie,Wharin,mwharin7i@google.com,Female,96.61.150.48,VP Product Management,Zoomdog
272,Ryann,Camerana,rcamerana7j@wikipedia.org,Female,250.33.193.224,VP Accounting,Livetube
273,Orren,Kyneton,okyneton7k@rakuten.co.jp,Male,17.211.42.174,Staff Accountant I,Pixope
274,Cloe,Hallatt,challatt7l@arizona.edu,Female,13.5.44.184,Human Resources Manager,Thoughtstorm
275,Claudette,Kivell,ckivell7m@amazonaws.com,Female,187.127.98.46,Analog Circuit Design manager,Trupe
276,Jermaine,Rawstron,jrawstron7n@netlog.com,Non-binary,45.55.211.127,Social Worker,Realblab
277,Ranique,Yegorovnin,ryegorovnin7o@yelp.com,Female,151.180.1.221,Analog Circuit Design manager,Youtags
278,Drew,Fenning,dfenning7p@etsy.com,Male,156.115.32.188,Programmer III,Katz
279,Demetris,Astling,dastling7q@miitbeian.gov.cn,Male,215.27.51.180,Marketing Manager,Youopia
280,Allayne,Glancey,aglancey7r@scribd.com,Non-binary,87.25.83.216,Internal Auditor,Chatterbridge
281,Nancie,Robshaw,nrobshaw7s@soundcloud.com,Female,227.72.12.105,Senior Developer,Browsezoom
282,Margarette,Markus,mmarkus7t@jigsy.com,Female,225.67.146.120,Business Systems Development Analyst,Plambee
283,Kristos,Matei,kmatei7u@123-reg.co.uk,Male,205.39.46.84,Senior Quality Engineer,Camimbo
284,Dexter,Charon,dcharon7v@netscape.com,Male,90.83.218.151,Operator,Avavee
285,Margalo,Dewicke,mdewicke7w@t-online.de,Female,238.189.239.193,Analyst Programmer,Mynte
286,Freddy,Gorgler,fgorgler7x@pen.io,Male,211.94.44.6,Account Executive,Skipstorm
287,Terence,Seamen,tseamen7y@artisteer.com,Male,183.1.50.194,Financial Advisor,Oba
288,Bradley,Claibourn,bclaibourn7z@etsy.com,Male,176.253.65.148,Assistant Professor,Browseblab
289,Antoine,Tidbury,atidbury80@ox.ac.uk,Male,45.156.168.149,Community Outreach Specialist,Minyx
290,Hubey,Smallthwaite,hsmallthwaite81@loc.gov,Male,208.44.128.152,Geologist I,Realblab
291,Raynor,Eaglestone,reaglestone82@bluehost.com,Male,36.168.55.229,Environmental Specialist,Tazzy
292,Jobi,MacComiskey,jmaccomiskey83@blogspot.com,Female,208.9.36.237,Accountant III,Npath
293,Dal,Sallnow,dsallnow84@ow.ly,Male,181.176.137.22,Staff Accountant II,Plajo
294,Cullin,Danigel,cdanigel85@whitehouse.gov,Male,242.141.86.223,Software Test Engineer IV,Tanoodle
295,Agnella,Loughnan,aloughnan86@elpais.com,Female,14.110.193.2,Environmental Tech,Youfeed
296,Bondy,Tardiff,btardiff87@discovery.com,Male,25.133.226.41,Chemical Engineer,Skidoo
297,Darryl,Machin,dmachin88@mtv.com,Non-binary,252.127.182.139,Teacher,Mita
298,Basilius,Master,bmaster89@wordpress.org,Male,26.220.54.56,Programmer Analyst I,Voonix
299,Neda,Claiden,nclaiden8a@dagondesign.com,Female,192.139.190.152,Junior Executive,Shufflester
300,Shawn,Slopier,sslopier8b@google.de,Female,56.52.187.32,Programmer II,Topdrive
301,Georgetta,Dinneges,gdinneges8c@independent.co.uk,Female,31.99.132.171,Sales Representative,Innotype
302,Michaela,O'Hengerty,mohengerty8d@usnews.com,Female,132.103.171.65,VP Accounting,Quire
303,Patsy,Ackroyd,packroyd8e@yellowpages.com,Male,221.104.254.63,Product Engineer,Zoombeat
304,Elyn,Chesterton,echesterton8f@yellowbook.com,Female,23.143.105.215,Chemical Engineer,Kayveo
305,Noel,Cadd,ncadd8g@nsw.gov.au,Male,125.160.78.174,Physical Therapy Assistant,Dynava
306,Locke,Delong,ldelong8h@phoca.cz,Non-binary,115.19.255.73,Environmental Specialist,Shufflester
307,Tanney,Bittany,tbittany8i@com.com,Male,71.126.155.248,Senior Cost Accountant,Avamm
308,Dagny,Seif,dseif8j@springer.com,Male,140.95.232.98,Staff Scientist,Lajo
309,Marchelle,Lackey,mlackey8k@weather.com,Female,127.72.160.53,Cost Accountant,Linkbuzz
310,Emyle,Greedier,egreedier8l@wordpress.org,Female,51.209.153.48,Director of Sales,Camimbo
311,Quintin,Winsiowiecki,qwinsiowiecki8m@edublogs.org,Male,51.62.221.55,VP Accounting,Abatz
312,Alick,Levet,alevet8n@ocn.ne.jp,Male,134.157.45.133,Senior Sales Associate,Thoughtstorm
313,Editha,Thamelt,ethamelt8o@pbs.org,Female,87.88.34.29,Automation Specialist IV,Oyope
314,Tisha,Franklen,tfranklen8p@craigslist.org,Female,100.132.84.78,Financial Analyst,Linkbridge
315,Ronica,Capenor,rcapenor8q@slideshare.net,Female,213.4.239.243,Data Coordiator,Wordify
316,Rodge,Edwin,redwin8r@artisteer.com,Male,101.227.42.159,Tax Accountant,Blogpad
317,Daveta,Redwin,dredwin8s@t-online.de,Female,21.189.132.54,Media Manager I,Meembee
318,Katinka,Crufts,kcrufts8t@imageshack.us,Female,140.244.185.210,Systems Administrator III,Oozz
319,Angelico,Snead,asnead8u@sfgate.com,Bigender,20.220.110.213,Executive Secretary,Meetz
320,Floris,Helstrom,fhelstrom8v@stumbleupon.com,Female,184.172.128.2,Accounting Assistant IV,Trupe
321,Erastus,Wilhelmy,ewilhelmy8w@people.com.cn,Non-binary,45.41.152.8,Accounting Assistant III,Kaymbo
322,Dodie,Bryer,dbryer8x@gmpg.org,Female,156.80.189.231,Clinical Specialist,Fliptune
323,Derrek,Salvati,dsalvati8y@wordpress.com,Male,184.12.118.180,Database Administrator III,LiveZ
324,Suellen,Stiling,sstiling8z@washington.edu,Bigender,254.44.163.32,Associate Professor,Riffpedia
325,Darcee,Lacroux,dlacroux90@cdbaby.com,Female,118.205.87.191,Junior Executive,Voolith
326,Shanta,Waud,swaud91@europa.eu,Female,9.217.245.106,Staff Scientist,Centizu
327,Amos,Egentan,aegentan92@cbslocal.com,Male,147.192.151.57,Chief Design Engineer,Skajo
328,Tedman,Twopenny,ttwopenny93@stanford.edu,Male,34.119.48.114,Statistician II,Gabtype
329,Brigitta,Simonich,bsimonich94@europa.eu,Female,81.142.153.147,Associate Professor,Youspan
330,Sandor,Musso,smusso95@nsw.gov.au,Male,183.202.51.87,Business Systems Development Analyst,Dabshots
331,Waldo,Croal,wcroal96@loc.gov,Polygender,26.44.79.117,Design Engineer,Aimbo
332,Llywellyn,Trevaskiss,ltrevaskiss97@mapy.cz,Male,177.212.252.128,VP Accounting,Jaxnation
333,Yelena,Mourton,ymourton98@addtoany.com,Agender,153.62.33.7,Actuary,Livepath
334,Alfons,Heijnen,aheijnen99@twitter.com,Bigender,29.96.227.103,Structural Engineer,Bubblemix
335,Selig,Volker,svolker9a@tripod.com,Male,245.106.245.71,Junior Executive,Tagcat
336,Maisie,Zoppie,mzoppie9b@webs.com,Female,64.158.4.65,Sales Associate,Ntags
337,Ives,Northin,inorthin9c@vistaprint.com,Male,231.47.101.9,Professor,Eimbee
338,Luce,Jonathon,ljonathon9d@devhub.com,Male,60.27.157.249,VP Sales,LiveZ
339,Chuck,Brenstuhl,cbrenstuhl9e@instagram.com,Male,88.69.248.70,Structural Engineer,Dabshots
340,Conant,Suddell,csuddell9f@uol.com.br,Male,191.33.86.227,Database Administrator II,Trudeo
341,Petey,Pays,ppays9g@fotki.com,Male,55.96.5.212,Help Desk Operator,Thoughtblab
342,Dick,Yanov,dyanov9h@mozilla.com,Bigender,76.222.220.87,Analog Circuit Design manager,Babbleset
343,Osborn,Ethridge,oethridge9i@gov.uk,Male,60.246.44.71,Senior Developer,Edgeclub
344,Bald,Mazin,bmazin9j@wikispaces.com,Male,29.0.244.86,Operator,Dynava
345,Debbie,Print,dprint9k@gov.uk,Female,174.0.51.71,Assistant Media Planner,Jaloo
346,Guss,Swait,gswait9l@mashable.com,Male,195.87.24.137,Developer III,Avamba
347,Demetri,Toretta,dtoretta9m@about.com,Male,216.196.158.67,Dental Hygienist,Fivechat
348,Meade,Rogeon,mrogeon9n@yandex.ru,Male,168.230.255.92,Editor,Flashpoint
349,Honor,Teager,hteager9o@baidu.com,Female,157.228.40.33,Design Engineer,Jetwire
350,Melvin,Fronzek,mfronzek9p@salon.com,Male,90.153.44.95,Research Assistant III,Kwimbee
351,Connor,Ruston,cruston9q@infoseek.co.jp,Male,74.148.165.14,VP Quality Control,Skinix
352,Melamie,Trimmill,mtrimmill9r@moonfruit.com,Female,125.20.16.124,Systems Administrator I,Thoughtblab
353,Gretna,Jekyll,gjekyll9s@wix.com,Female,163.248.53.206,Sales Representative,Linktype
354,Ermina,Litt,elitt9t@sbwire.com,Female,174.54.219.44,Legal Assistant,Avamm
355,Osborne,Ablitt,oablitt9u@dell.com,Male,209.170.207.193,Staff Accountant II,Bluejam
356,Evelyn,Shillabeare,eshillabeare9v@free.fr,Female,77.105.51.57,Graphic Designer,Kare
357,Chen,Dymock,cdymock9w@canalblog.com,Agender,192.243.211.138,Staff Accountant II,Lajo
358,Cob,Wattam,cwattam9x@theatlantic.com,Male,86.187.188.219,Data Coordiator,Rhyzio
359,Alberto,Oboy,aoboy9y@com.com,Male,143.137.226.190,VP Marketing,Twinte
360,Raddy,Abercromby,rabercromby9z@lycos.com,Male,139.39.34.94,Statistician I,Divape
361,Karissa,Wastling,kwastlinga0@comcast.net,Female,165.43.151.50,Pharmacist,Jatri
362,Rowen,Scammonden,rscammondena1@home.pl,Male,238.187.222.73,Engineer IV,Rooxo
363,Othilie,Witham,owithama2@digg.com,Female,180.43.156.188,Executive Secretary,Gigabox
364,Danyette,Kydde,dkyddea3@icio.us,Female,103.72.86.80,Speech Pathologist,Agivu
365,Kellsie,Duckwith,kduckwitha4@dion.ne.jp,Female,83.166.225.244,Help Desk Operator,Youspan
366,Johnath,Calvey,jcalveya5@friendfeed.com,Female,143.200.215.59,Web Developer I,Zoonder
367,Darnall,Tevlin,dtevlina6@dagondesign.com,Male,142.181.203.255,Electrical Engineer,Dynabox
368,Thatcher,Robben,trobbena7@seesaa.net,Agender,1.104.138.241,Programmer I,Skipfire
369,Daryle,Jobes,djobesa8@goo.gl,Male,73.55.167.97,Geologist III,Thoughtbridge
370,Luce,Sadry,lsadrya9@youtube.com,Female,119.136.251.98,VP Accounting,Jaxnation
371,Everett,Gaskins,egaskinsaa@angelfire.com,Male,76.163.125.83,Programmer IV,Gabtype
372,Tansy,Brenstuhl,tbrenstuhlab@t.co,Female,37.253.238.147,Media Manager I,Voolith
373,Dorothee,Grigoriscu,dgrigoriscuac@1und1.de,Female,207.62.98.90,Teacher,Buzzdog
374,Delmor,Felce,dfelcead@ucoz.ru,Male,231.174.61.230,Budget/Accounting Analyst II,Gabspot
375,Billy,Mallebone,bmalleboneae@paginegialle.it,Male,123.124.30.79,Civil Engineer,Tagfeed
376,Andrey,Oller,aolleraf@arizona.edu,Male,50.53.155.146,Structural Engineer,Camimbo
377,Dasi,Stanes,dstanesag@chicagotribune.com,Female,216.80.86.131,Teacher,Zoonoodle
378,Cam,Locard,clocardah@uol.com.br,Female,164.186.126.248,Executive Secretary,Trupe
379,Josy,Aikett,jaikettai@sina.com.cn,Genderqueer,104.63.161.215,Sales Representative,Devbug
380,Grace,Bosworth,gbosworthaj@google.es,Female,229.242.65.179,Software Engineer III,Thoughtmix
381,Wenona,Brabbs,wbrabbsak@google.co.uk,Female,119.232.231.68,Staff Accountant IV,Topicblab
382,Forbes,Acton,factonal@mozilla.com,Male,109.85.119.222,GIS Technical Architect,Rhyloo
383,Cherie,Bullus,cbullusam@jigsy.com,Female,63.80.107.56,Sales Representative,Fadeo
384,Vladimir,Blackney,vblackneyan@usnews.com,Male,200.100.187.44,Account Coordinator,Feedbug
385,Kipp,Spriddle,kspriddleao@nih.gov,Male,150.14.237.172,Compensation Analyst,Jabbertype
386,Nev,Burrells,nburrellsap@spiegel.de,Polygender,234.52.47.206,VP Sales,Livefish
387,Carilyn,Puckham,cpuckhamaq@com.com,Female,176.158.173.130,Staff Accountant IV,Rooxo
388,Bradan,Glossop,bglossopar@skyrock.com,Male,117.230.169.163,Developer II,Skippad
389,Merline,Satterthwaite,msatterthwaiteas@t.co,Female,4.143.126.82,Senior Sales Associate,Jetpulse
390,Codi,Longhorne,clonghorneat@goodreads.com,Female,121.203.24.50,Staff Accountant IV,Viva
391,Mortie,Fuggles,mfugglesau@shop-pro.jp,Male,84.74.151.212,Biostatistician I,Yombu
392,Wilbert,Charnick,wcharnickav@1688.com,Bigender,117.28.11.240,Desktop Support Technician,Realcube
393,Abbie,Barnett,abarnettaw@xrea.com,Female,86.143.134.235,Occupational Therapist,Pixope
394,Aggie,Balser,abalserax@t-online.de,Female,78.8.101.210,VP Product Management,Innojam
395,Melisande,Trigwell,mtrigwellay@fema.gov,Female,105.43.186.193,Account Executive,Divape
396,Omero,Tomsa,otomsaaz@globo.com,Male,71.170.15.105,VP Accounting,Babbleopia
397,Bunni,Ebourne,bebourneb0@nytimes.com,Female,7.178.232.82,Sales Associate,Riffwire
398,Stefano,Ledster,sledsterb1@youtu.be,Male,33.80.45.59,Payment Adjustment Coordinator,Skynoodle
399,Bink,Blankley,bblankleyb2@shutterfly.com,Male,179.21.174.39,Automation Specialist IV,Meedoo
400,Eleanora,Stoven,estovenb3@yellowbook.com,Female,133.111.238.132,Administrative Assistant IV,Youopia
401,Ericha,Winsley,ewinsleyb4@quantcast.com,Female,197.68.93.233,Environmental Tech,Flashdog
402,Dillie,Rawlin,drawlinb5@reuters.com,Male,19.144.71.78,Senior Financial Analyst,Wikibox
403,Maddy,Jeafferson,mjeaffersonb6@spiegel.de,Male,159.192.108.202,Programmer Analyst IV,Realcube
404,Fallon,Woosnam,fwoosnamb7@prlog.org,Female,79.38.27.105,Product Engineer,Tanoodle
405,Kandy,Le Prevost,kleprevostb8@boston.com,Female,190.35.26.16,Accounting Assistant I,Ooba
406,Kalil,Fero,kferob9@godaddy.com,Male,145.181.10.20,Editor,Yabox
407,Ardra,Baulch,abaulchba@chron.com,Female,67.53.166.108,Geological Engineer,Eimbee
408,Stafani,Pellingar,spellingarbb@com.com,Female,212.242.121.114,Database Administrator II,Realmix
409,Darb,Corran,dcorranbc@ocn.ne.jp,Male,83.135.208.10,Media Manager II,Mudo
410,Jordan,Perdue,jperduebd@java.com,Female,87.22.15.120,Health Coach IV,Divavu
411,Carmine,Crockett,ccrockettbe@dot.gov,Female,139.101.108.227,Administrative Assistant III,Jabbercube
412,Pietrek,Laurenz,plaurenzbf@rambler.ru,Male,247.197.152.210,Software Test Engineer IV,Nlounge
413,Jone,Snalom,jsnalombg@wiley.com,Male,168.156.48.84,Physical Therapy Assistant,Feednation
414,Idette,Ghiron,ighironbh@hatena.ne.jp,Female,234.216.53.0,Nuclear Power Engineer,Skyble
415,Cyrus,Cramond,ccramondbi@wikispaces.com,Male,120.69.205.183,Nurse,Livetube
416,Jaquenette,Dufer,jduferbj@mtv.com,Female,130.50.6.60,Electrical Engineer,Brightbean
417,Dione,Dabling,ddablingbk@google.co.uk,Agender,214.34.115.87,VP Product Management,Thoughtsphere
418,Gan,Lemmon,glemmonbl@google.ca,Male,5.130.30.160,Speech Pathologist,Fivebridge
419,Shae,Hamblington,shamblingtonbm@telegraph.co.uk,Male,145.218.122.190,Information Systems Manager,Youspan
420,Arline,Larvor,alarvorbn@intel.com,Female,208.119.16.117,Automation Specialist IV,Quinu
421,Saunders,Stoke,sstokebo@ehow.com,Male,187.179.60.122,Administrative Officer,Gevee
422,Nester,Bossel,nbosselbp@goo.gl,Male,85.101.145.186,Desktop Support Technician,Tekfly
423,Reeva,Etridge,retridgebq@free.fr,Female,191.214.22.124,VP Quality Control,Jaxnation
424,Abagail,Castelluzzi,acastelluzzibr@naver.com,Polygender,196.71.44.141,Computer Systems Analyst I,Rhynyx
425,Franklin,Roony,froonybs@cbslocal.com,Male,10.125.171.44,Office Assistant IV,Mycat
426,Erastus,Gotliffe,egotliffebt@gizmodo.com,Male,156.61.67.96,Senior Editor,Yombu
427,Katie,Banbrook,kbanbrookbu@sina.com.cn,Genderqueer,228.83.80.60,Professor,JumpXS
428,Ernie,Kennermann,ekennermannbv@tamu.edu,Male,52.67.51.88,Information Systems Manager,Skiba
429,Kippie,Vedyaev,kvedyaevbw@businesswire.com,Male,244.197.52.205,Software Engineer IV,Jamia
430,Elliott,Malcolm,emalcolmbx@blinklist.com,Male,43.151.191.94,Product Engineer,Rhynyx
431,Berkley,Spensley,bspensleyby@imgur.com,Male,169.79.24.98,Staff Accountant II,Skaboo
432,Aggi,Squirrel,asquirrelbz@nih.gov,Female,217.57.57.129,Senior Financial Analyst,Bubbletube
433,Symon,Burgoine,sburgoinec0@naver.com,Male,154.122.129.159,Actuary,Zoomdog
434,Ford,Micka,fmickac1@utexas.edu,Male,105.7.253.248,Human Resources Assistant III,Jayo
435,Addy,Ourry,aourryc2@cpanel.net,Female,64.236.112.207,Quality Control Specialist,Edgeblab
436,Erek,Arrol,earrolc3@cnbc.com,Male,45.129.254.205,Recruiting Manager,Mybuzz
437,Burl,Crosse,bcrossec4@umich.edu,Male,44.109.157.48,Registered Nurse,Jazzy
438,Shandra,Karet,skaretc5@sciencedaily.com,Female,130.7.207.144,Database Administrator II,Voolith
439,Noak,Kloser,nkloserc6@goo.ne.jp,Male,107.25.180.31,Analog Circuit Design manager,Agivu
440,Zena,Volk,zvolkc7@auda.org.au,Female,200.128.14.140,Staff Accountant III,Pixonyx
441,Jenn,Halliday,jhallidayc8@comsenz.com,Female,186.97.164.82,Software Test Engineer III,Flashspan
442,Ranee,Marages,rmaragesc9@usgs.gov,Female,240.42.25.17,Human Resources Manager,Zoozzy
443,Ogden,Gazzard,ogazzardca@mediafire.com,Male,233.116.175.178,Operator,Wordpedia
444,Israel,Belverstone,ibelverstonecb@sphinn.com,Male,254.36.16.112,Editor,Kazu
445,Kelly,Virr,kvirrcc@fc2.com,Male,236.166.236.17,Social Worker,DabZ
446,Husain,Trenbay,htrenbaycd@eepurl.com,Male,116.118.22.82,Quality Engineer,Gigabox
447,Robin,Spaduzza,rspaduzzace@alexa.com,Male,200.129.52.25,Research Nurse,Riffpedia
448,Clarey,Andrichak,candrichakcf@wikispaces.com,Female,230.124.104.176,Quality Engineer,Babbleblab
449,Ricki,Iacomelli,riacomellicg@sakura.ne.jp,Male,211.239.63.230,Administrative Assistant II,Eazzy
450,Frasco,Silbersak,fsilbersakch@github.io,Male,205.126.72.128,Paralegal,Layo
451,Zollie,Mattek,zmattekci@house.gov,Male,226.249.138.146,Civil Engineer,Shuffletag
452,Gustavo,Ricardo,gricardocj@google.es,Male,42.21.97.106,Administrative Assistant IV,Meembee
453,Gustave,Melding,gmeldingck@icq.com,Male,153.213.220.57,Compensation Analyst,Vitz
454,Carce,Geertz,cgeertzcl@umn.edu,Male,86.252.39.88,Media Manager II,Skivee
455,Hale,Bottrell,hbottrellcm@deviantart.com,Male,197.171.87.3,Quality Control Specialist,Edgewire
456,Ericha,Beveredge,ebeveredgecn@artisteer.com,Female,204.255.3.175,Paralegal,Flipopia
457,Allyce,Caunter,acaunterco@gravatar.com,Female,224.210.183.21,Staff Scientist,Topiclounge
458,Flori,Callcott,fcallcottcp@addtoany.com,Genderfluid,3.202.225.156,Data Coordiator,Topicshots
459,Marj,Merida,mmeridacq@blogtalkradio.com,Genderqueer,131.134.66.180,Editor,Rhycero
460,Melita,Sabbin,msabbincr@blinklist.com,Female,230.77.5.19,Professor,Linktype
461,Diane-marie,Trayling,dtraylingcs@elegantthemes.com,Female,201.52.208.93,Senior Cost Accountant,Quaxo
462,Nalani,Rotter,nrotterct@slideshare.net,Female,116.14.73.172,Senior Cost Accountant,Feednation
463,Bertrand,Blackmore,bblackmorecu@cdc.gov,Male,221.183.115.160,Tax Accountant,Livefish
464,Bentley,Dederich,bdederichcv@purevolume.com,Male,240.71.120.104,Research Assistant IV,Gevee
465,Rosy,Lambswood,rlambswoodcw@intel.com,Female,42.251.217.12,Librarian,Skivee
466,Kerwinn,Kenworthy,kkenworthycx@google.com.br,Male,203.197.128.29,Web Developer III,Wordware
467,Waring,Azam,wazamcy@cafepress.com,Male,62.168.71.192,Sales Associate,Cogidoo
468,Grissel,Boaler,gboalercz@ca.gov,Female,66.200.13.86,Human Resources Assistant III,Zoonder
469,Letisha,Czaple,lczapled0@howstuffworks.com,Female,149.133.56.51,Systems Administrator IV,Kayveo
470,Murry,Latch,mlatchd1@nsw.gov.au,Male,94.245.183.46,Project Manager,Trilith
471,Devinne,Piperley,dpiperleyd2@pcworld.com,Female,231.141.17.75,Marketing Assistant,Buzzdog
472,Juieta,Escale,jescaled3@cdc.gov,Female,204.40.142.122,VP Accounting,Chatterpoint
473,Kennedy,Tschirschky,ktschirschkyd4@google.co.jp,Genderfluid,41.151.113.5,Account Representative I,Oyonder
474,Aleksandr,Dillicate,adillicated5@nytimes.com,Genderfluid,102.178.1.220,Analyst Programmer,Quire
475,Byrle,Hadwen,bhadwend6@devhub.com,Male,110.75.37.189,Health Coach I,Gigashots
476,Katharina,Joseland,kjoselandd7@nasa.gov,Polygender,111.38.109.237,Chemical Engineer,Aivee
477,Angus,Vevers,aveversd8@blogspot.com,Male,222.178.126.141,Account Coordinator,Photolist
478,Kaitlynn,Klimochkin,kklimochkind9@squidoo.com,Female,200.100.170.92,Sales Associate,Plambee
479,Willetta,Freathy,wfreathyda@i2i.jp,Female,218.248.180.235,Marketing Assistant,Tagchat
480,Willetta,Larwell,wlarwelldb@rakuten.co.jp,Bigender,117.11.65.207,VP Product Management,Meevee
481,Margalo,Danilowicz,mdanilowiczdc@forbes.com,Female,132.182.217.167,Quality Engineer,InnoZ
482,Grace,Jump,gjumpdd@pcworld.com,Female,27.6.50.211,Nurse Practicioner,Skaboo
483,Abbie,MacGee,amacgeede@people.com.cn,Male,24.194.216.122,Mechanical Systems Engineer,Photobug
484,Tony,Lindback,tlindbackdf@nyu.edu,Male,20.234.157.189,Nurse Practicioner,Flashpoint
485,Cyndi,Chapple,cchappledg@bing.com,Female,114.133.24.6,Editor,Meevee
486,Estell,Aspinall,easpinalldh@cnn.com,Female,36.244.62.151,Programmer IV,Tagpad
487,Eldin,Gatheral,egatheraldi@1688.com,Male,252.211.88.241,Database Administrator I,Zoombox
488,Alphonse,Staresmeare,astaresmearedj@mlb.com,Male,249.63.176.208,Environmental Tech,Brainverse
489,Murvyn,Sandaver,msandaverdk@biglobe.ne.jp,Male,141.129.201.209,Recruiter,Oyoyo
490,Melitta,Neenan,mneenandl@360.cn,Female,20.237.220.205,Account Coordinator,Skyba
491,Prescott,Laborde,plabordedm@opensource.org,Male,166.208.51.63,Food Chemist,Tekfly
492,Elberta,Yurlov,eyurlovdn@icio.us,Female,160.102.176.110,Business Systems Development Analyst,Fiveclub
493,Sarette,Ashington,sashingtondo@bbb.org,Female,84.180.137.112,Paralegal,Centizu
494,Leonard,Kenwell,lkenwelldp@weather.com,Male,3.198.7.78,Budget/Accounting Analyst III,Pixope
495,Raquel,Iannello,riannellodq@wunderground.com,Female,65.164.148.207,Librarian,Oozz
496,Brose,Attenborough,battenboroughdr@sitemeter.com,Male,74.238.228.2,Business Systems Development Analyst,Photobug
497,Trevar,Pittam,tpittamds@github.io,Male,116.236.137.17,Speech Pathologist,Photospace
498,Xylina,Flute,xflutedt@biglobe.ne.jp,Female,88.234.83.147,VP Product Management,Yotz
499,Jeane,Muzzillo,jmuzzillodu@cbsnews.com,Female,167.148.165.115,Recruiter,Tazzy
500,Yetta,Kluger,yklugerdv@nydailynews.com,Bigender,171.51.12.148,Desktop Support Technician,Babbleset
501,Dorris,Heinicke,dheinickedw@sogou.com,Female,125.173.213.58,Software Engineer I,Quire
502,Sylvia,Benes,sbenesdx@wikipedia.org,Female,109.108.104.254,Administrative Assistant IV,Dynazzy
503,Guillermo,Dawson,gdawsondy@squarespace.com,Male,111.118.220.167,Help Desk Operator,Eare
504,Tiphany,Crees,tcreesdz@harvard.edu,Non-binary,97.28.67.202,Recruiter,Riffpedia
505,Nathalia,Grew,ngrewe0@spiegel.de,Female,211.248.95.238,Recruiter,Thoughtworks
506,Althea,Fenby,afenbye1@myspace.com,Female,158.201.66.1,Help Desk Operator,Twiyo
507,Stearne,Berg,sberge2@de.vu,Male,181.148.176.228,Librarian,Tanoodle
508,Dulce,Chandlar,dchandlare3@amazon.co.uk,Female,214.2.4.149,Administrative Officer,Blognation
509,Hans,Moreman,hmoremane4@ftc.gov,Male,247.192.145.206,Research Nurse,Dazzlesphere
510,D'arcy,Grizard,dgrizarde5@nsw.gov.au,Male,229.224.9.55,VP Accounting,Tazz
511,Zacharia,Goodyer,zgoodyere6@google.it,Male,182.145.193.136,Recruiting Manager,Midel
512,Marilee,Leadbitter,mleadbittere7@hao123.com,Female,135.125.164.54,Business Systems Development Analyst,Skilith
513,Cameron,Genders,cgenderse8@tumblr.com,Male,111.172.196.181,Account Coordinator,Realpoint
514,Iver,Godthaab,igodthaabe9@hatena.ne.jp,Male,237.46.18.244,Recruiter,Abatz
515,Brit,Jurkiewicz,bjurkiewiczea@angelfire.com,Male,158.106.129.21,Staff Scientist,Yodo
516,Andonis,Haskett,ahasketteb@yahoo.co.jp,Male,19.7.83.117,Senior Sales Associate,Photofeed
517,Ediva,Gascar,egascarec@wikipedia.org,Female,193.18.26.110,Health Coach IV,Tazzy
518,Bevvy,Labern,blaberned@latimes.com,Female,203.57.10.143,Nurse,Jetwire
519,Lorenzo,Hiom,lhiomee@barnesandnoble.com,Male,61.84.9.127,Senior Financial Analyst,Aivee
520,Christiane,Noah,cnoahef@ebay.co.uk,Female,148.191.104.7,Chemical Engineer,Yoveo
521,Merola,Pickhaver,mpickhavereg@techcrunch.com,Female,180.228.212.29,Programmer II,Brainlounge
522,Rickard,Luparti,rlupartieh@usa.gov,Male,135.253.246.87,Administrative Assistant IV,Youopia
523,Gan,Horlick,ghorlickei@posterous.com,Male,245.178.101.189,Payment Adjustment Coordinator,Katz
524,Jedediah,Le Pine,jlepineej@shinystat.com,Genderfluid,170.212.251.162,Senior Quality Engineer,Jaxworks
525,Ellary,Douglass,edouglassek@ibm.com,Male,131.193.39.163,Chief Design Engineer,Flashspan
526,Irwin,Rupel,irupelel@home.pl,Male,47.192.78.45,Environmental Specialist,Devpulse
527,Nils,Lattey,nlatteyem@businessinsider.com,Bigender,56.181.32.6,Software Consultant,Rhyloo
528,Murry,Phillip,mphillipen@123-reg.co.uk,Male,195.146.203.95,Sales Representative,Wordpedia
529,Carroll,Cowwell,ccowwelleo@oracle.com,Female,127.232.215.110,Marketing Manager,Kwinu
530,Berna,Penreth,bpenrethep@mozilla.org,Female,166.234.48.206,Staff Accountant I,Avamm
531,Forster,Huish,fhuisheq@mit.edu,Male,166.168.146.70,Research Associate,Youopia
532,Felicity,Peasegod,fpeasegoder@simplemachines.org,Female,41.90.73.96,Compensation Analyst,Kwinu
533,Burr,Sinclair,bsinclaires@goo.ne.jp,Male,67.32.61.179,Registered Nurse,Mydo
534,Marnia,Romeo,mromeoet@who.int,Non-binary,97.238.113.106,VP Quality Control,Thoughtstorm
535,Mattias,Geddis,mgeddiseu@behance.net,Male,135.41.53.124,Design Engineer,Eamia
536,Kassandra,Jolin,kjolinev@yellowbook.com,Female,184.133.251.195,Environmental Tech,Edgetag
537,Craggie,Treneer,ctreneerew@over-blog.com,Male,87.113.124.245,Dental Hygienist,Topiclounge
538,Drud,Wythill,dwythillex@histats.com,Male,150.79.195.107,General Manager,Divanoodle
539,Milka,Creenan,mcreenaney@infoseek.co.jp,Polygender,4.73.117.93,Analyst Programmer,Brainlounge
540,Emelia,Morshead,emorsheadez@state.gov,Female,229.127.166.120,Engineer I,Dynava
541,Sherrie,Barmby,sbarmbyf0@twitter.com,Genderqueer,217.146.74.207,Senior Sales Associate,Twitterlist
542,Hanson,Dolbey,hdolbeyf1@marriott.com,Genderqueer,154.162.78.129,Nurse Practicioner,Quatz
543,Milly,Weekley,mweekleyf2@hatena.ne.jp,Female,133.47.65.6,Geologist IV,Eimbee
544,Lisa,McDonald,lmcdonaldf3@omniture.com,Female,108.201.170.6,Account Coordinator,Brainbox
545,Jimmy,Asker,jaskerf4@cbsnews.com,Male,72.68.80.23,Pharmacist,Lajo
546,Lacy,Waller-Bridge,lwallerbridgef5@google.co.jp,Female,234.21.181.247,VP Sales,Viva
547,Ambrosi,Glencorse,aglencorsef6@utexas.edu,Male,93.70.252.66,Information Systems Manager,Roodel
548,Odell,Standish-Brooks,ostandishbrooksf7@webeden.co.uk,Male,75.54.159.170,Professor,Aimbu
549,Emalia,Alman,ealmanf8@goo.ne.jp,Female,201.157.58.224,Research Nurse,Gabcube
550,Zaneta,Pettican,zpetticanf9@bandcamp.com,Female,204.216.243.180,Tax Accountant,Zoombeat
551,Gardiner,MacDearmaid,gmacdearmaidfa@tinypic.com,Male,125.50.176.186,Geologist II,Mycat
552,Birk,Manterfield,bmanterfieldfb@huffingtonpost.com,Male,9.92.34.108,Structural Engineer,Buzzshare
553,Fancy,Masser,fmasserfc@yahoo.com,Female,173.118.9.202,Systems Administrator IV,Thoughtsphere
554,Wilt,Sturgess,wsturgessfd@harvard.edu,Male,19.126.91.33,Structural Analysis Engineer,Zoomdog
555,Vanessa,Brunnstein,vbrunnsteinfe@wordpress.com,Female,248.185.32.94,Dental Hygienist,Zoomdog
556,Frasquito,Meriton,fmeritonff@chicagotribune.com,Male,40.87.216.225,Office Assistant II,DabZ
557,Jackson,Foxwell,jfoxwellfg@mediafire.com,Male,82.159.74.193,Senior Financial Analyst,Eayo
558,Mortimer,Harty,mhartyfh@usa.gov,Male,169.154.16.100,Senior Editor,Kazio
559,Wilfred,Ciric,wciricfi@state.tx.us,Non-binary,34.20.183.95,Help Desk Operator,Voomm
560,Keven,Whopples,kwhopplesfj@skype.com,Male,113.7.114.123,Human Resources Assistant II,Meetz
561,Talbot,Cocklie,tcockliefk@businesswire.com,Male,26.205.250.25,Executive Secretary,Jazzy
562,Nerita,Lomath,nlomathfl@msu.edu,Female,119.24.170.189,Software Test Engineer IV,Skaboo
563,Odetta,Oxlee,ooxleefm@is.gd,Female,5.80.182.210,Teacher,Agivu
564,Eldin,Leads,eleadsfn@etsy.com,Male,241.228.60.104,Senior Cost Accountant,Zoonoodle
565,Mercie,Yukhtin,myukhtinfo@is.gd,Female,111.61.116.148,Software Engineer II,Blogspan
566,Skell,Lortzing,slortzingfp@berkeley.edu,Male,56.70.13.101,Community Outreach Specialist,Blogpad
567,Emmalyn,Devas,edevasfq@state.gov,Female,160.106.111.36,Nuclear Power Engineer,Thoughtbeat
568,Izabel,Labon,ilabonfr@archive.org,Female,58.11.61.200,Programmer Analyst II,Kazu
569,Bab,Clulee,bcluleefs@ed.gov,Female,137.62.221.226,Editor,Devify
570,Morley,Ellershaw,mellershawft@blinklist.com,Male,58.64.184.196,Financial Analyst,Meejo
571,Guglielmo,Fomichyov,gfomichyovfu@wordpress.com,Male,135.48.10.122,Geological Engineer,Zoomcast
572,Tedie,Drennan,tdrennanfv@over-blog.com,Agender,29.227.197.11,Environmental Specialist,Feedfish
573,Garik,Gronow,ggronowfw@google.co.uk,Male,28.47.74.78,Speech Pathologist,Youspan
574,Devland,Pinyon,dpinyonfx@ucoz.ru,Male,210.199.189.1,Civil Engineer,Twiyo
575,Brooks,Musprat,bmuspratfy@free.fr,Female,134.123.54.6,Geological Engineer,Ntag
576,Caresse,Lory,cloryfz@upenn.edu,Female,20.178.205.25,Clinical Specialist,Browsecat
577,Nils,Caller,ncallerg0@craigslist.org,Male,188.74.184.17,Office Assistant I,Kwimbee
578,Aveline,Robbie,arobbieg1@seattletimes.com,Female,89.24.42.152,Environmental Specialist,Edgeify
579,Brande,Foottit,bfoottitg2@bloglines.com,Female,37.207.75.123,Paralegal,Linkbridge
580,Wald,Flohard,wflohardg3@a8.net,Male,72.30.234.136,Nurse Practicioner,Flashspan
581,Silvester,Croall,scroallg4@typepad.com,Male,90.159.29.43,Senior Cost Accountant,Jaxbean
582,Keefer,Davitt,kdavittg5@go.com,Male,116.9.189.42,Office Assistant II,Mynte
583,Corissa,Rosenvasser,crosenvasserg6@goo.ne.jp,Female,192.38.87.100,Staff Scientist,Roodel
584,Silvano,Webberley,swebberleyg7@auda.org.au,Male,193.162.206.252,Cost Accountant,Oodoo
585,Colby,Starkey,cstarkeyg8@cloudflare.com,Male,55.59.170.23,Developer III,Roombo
586,Peirce,Tarver,ptarverg9@surveymonkey.com,Male,35.131.149.73,Programmer III,Photolist
587,Reece,Jenno,rjennoga@instagram.com,Male,101.53.50.78,Account Coordinator,Topiczoom
588,Ninette,Trencher,ntrenchergb@marketwatch.com,Female,247.159.199.233,Human Resources Manager,Flashdog
589,Gherardo,Quirk,gquirkgc@wix.com,Male,223.90.74.168,Assistant Manager,Mynte
590,Weider,Bilbery,wbilberygd@privacy.gov.au,Male,171.12.90.226,Software Test Engineer I,Lajo
591,Beniamino,Dizlie,bdizliege@google.co.uk,Male,17.181.36.53,Professor,Avamm
592,Cecily,Francesc,cfrancescgf@about.me,Female,190.92.255.91,Administrative Assistant IV,Viva
593,Delora,Mankor,dmankorgg@twitter.com,Female,83.48.20.116,Financial Analyst,InnoZ
594,Catarina,Makinson,cmakinsongh@is.gd,Female,5.200.61.106,Payment Adjustment Coordinator,Twitterwire
595,Avrit,Southworth,asouthworthgi@ustream.tv,Female,29.219.238.221,Computer Systems Analyst IV,Realblab
596,Gertrude,Thwaite,gthwaitegj@hugedomains.com,Female,246.90.248.5,Help Desk Technician,Chatterbridge
597,Yehudi,Moffat,ymoffatgk@booking.com,Male,166.195.226.237,Business Systems Development Analyst,Shuffledrive
598,Florenza,Schoroder,fschorodergl@timesonline.co.uk,Female,245.249.204.159,VP Accounting,Oozz
599,Nowell,Foulds,nfouldsgm@mashable.com,Male,158.23.114.76,Human Resources Assistant IV,Photofeed
600,Peyton,Dark,pdarkgn@odnoklassniki.ru,Male,140.19.62.219,Editor,Babbleblab
601,Barbey,Pettie,bpettiego@indiegogo.com,Female,204.146.107.36,Registered Nurse,Tagopia
602,Odetta,Fenner,ofennergp@myspace.com,Female,77.216.3.3,Teacher,Mita
603,Adham,Minshall,aminshallgq@wikimedia.org,Male,14.104.103.45,Statistician IV,Oodoo
604,Pyotr,Piwall,ppiwallgr@craigslist.org,Male,56.157.36.79,Professor,Tazz
605,Shauna,Christoffersen,schristoffersengs@about.me,Bigender,87.33.218.130,Social Worker,Photobug
606,Hayward,Purse,hpursegt@shutterfly.com,Male,13.164.41.113,Environmental Specialist,Tavu
607,Grover,Hrinchishin,ghrinchishingu@biglobe.ne.jp,Male,148.99.94.173,Programmer II,Innotype
608,Giacomo,Orris,gorrisgv@dedecms.com,Male,12.190.254.100,Structural Analysis Engineer,Flashdog
609,Netty,Maffeo,nmaffeogw@etsy.com,Female,218.98.6.32,Registered Nurse,Oloo
610,Ardelia,Beebe,abeebegx@yahoo.co.jp,Female,147.249.14.194,Accounting Assistant IV,Riffpath
611,Melisse,Falconer-Taylor,mfalconertaylorgy@shutterfly.com,Female,75.180.96.229,GIS Technical Architect,Blogtags
612,Lyndel,Autie,lautiegz@delicious.com,Female,40.24.140.60,General Manager,Omba
613,Felicio,Babbidge,fbabbidgeh0@example.com,Male,179.138.137.158,VP Marketing,Quire
614,Laurene,Thompson,lthompsonh1@google.co.uk,Female,222.43.208.137,Help Desk Technician,Buzzshare
615,Ethe,Steptowe,esteptoweh2@answers.com,Male,109.113.17.253,Senior Developer,Voonix
616,Vern,Loft,vlofth3@telegraph.co.uk,Male,127.220.226.198,Account Executive,Buzzdog
617,Constantin,Tring,ctringh4@ed.gov,Polygender,63.235.228.135,Registered Nurse,Babbleopia
618,Durant,Schwerin,dschwerinh5@usda.gov,Genderqueer,57.154.28.161,Community Outreach Specialist,Trilia
619,Chan,Zorzi,czorzih6@independent.co.uk,Agender,182.168.131.11,Nurse,Shuffledrive
620,Ashlie,Pourveer,apourveerh7@vkontakte.ru,Female,28.28.122.181,Geologist I,Meejo
621,Waylon,Maes,wmaesh8@domainmarket.com,Male,36.174.158.159,Quality Control Specialist,Ainyx
622,Nikoletta,Bonnier,nbonnierh9@goo.ne.jp,Female,18.23.34.127,Web Developer I,Edgewire
623,Derry,Keigher,dkeigherha@cbslocal.com,Male,223.247.128.204,GIS Technical Architect,Oyoba
624,Prudi,Langland,planglandhb@apple.com,Polygender,30.166.154.199,Budget/Accounting Analyst I,Riffwire
625,Jamey,Tales,jtaleshc@e-recht24.de,Male,1.22.144.203,Technical Writer,Ooba
626,Dave,Curphey,dcurpheyhd@nymag.com,Male,101.115.220.142,VP Marketing,Demizz
627,Allix,Cassely,acasselyhe@homestead.com,Female,200.208.24.139,Graphic Designer,Centimia
628,Mose,Kentwell,mkentwellhf@webmd.com,Male,196.48.219.125,Health Coach III,Twitterlist
629,Kristopher,Yendall,kyendallhg@eepurl.com,Male,210.141.226.241,Accounting Assistant II,Jaxnation
630,Glynnis,Cridland,gcridlandhh@360.cn,Female,187.223.96.180,Quality Engineer,Jaxnation
631,Barny,Bomfield,bbomfieldhi@gmpg.org,Male,34.177.102.223,Geologist IV,Topicware
632,Ana,Whartonby,awhartonbyhj@google.com.hk,Female,144.89.222.65,Developer I,Gevee
633,Humberto,Fierro,hfierrohk@flickr.com,Genderfluid,82.76.51.27,Marketing Assistant,Feednation
634,Cortie,Parmenter,cparmenterhl@friendfeed.com,Agender,114.247.170.107,Biostatistician I,Eayo
635,Noel,Keel,nkeelhm@ebay.co.uk,Male,115.24.82.89,Accounting Assistant III,Fliptune
636,Arnuad,Tarbert,atarberthn@google.ru,Male,4.206.11.18,Programmer III,Plambee
637,El,Barehead,ebareheadho@merriam-webster.com,Male,58.229.78.106,Software Consultant,Feednation
638,Benedicto,Newcomb,bnewcombhp@bloomberg.com,Male,207.141.107.149,Assistant Manager,Mita
639,Rhetta,Crockford,rcrockfordhq@creativecommons.org,Female,197.250.244.148,Librarian,Skivee
640,Damita,Edmonston,dedmonstonhr@businesswire.com,Female,167.114.229.232,Editor,Tagchat
641,Jerri,Van Oort,jvanoorths@cafepress.com,Male,233.194.99.136,Recruiter,Podcat
642,Sianna,Seale,ssealeht@amazon.co.uk,Female,175.12.141.104,General Manager,Gigashots
643,Shanda,Barneville,sbarnevillehu@bandcamp.com,Genderqueer,252.14.155.214,Account Executive,Zooxo
644,Ellyn,Southway,esouthwayhv@tiny.cc,Female,136.208.229.51,Media Manager IV,Babblestorm
645,Nevile,Wingeat,nwingeathw@google.co.uk,Male,159.94.110.94,Administrative Assistant III,Innotype
646,Marney,Niess,mniesshx@newyorker.com,Female,1.66.213.202,Health Coach I,Meembee
647,Buddie,Sommerville,bsommervillehy@nyu.edu,Male,30.46.180.225,Tax Accountant,Zooveo
648,Lenard,Mayo,lmayohz@blogtalkradio.com,Male,221.62.188.202,Accountant II,Buzzshare
649,Tera,Blincoe,tblincoei0@fc2.com,Female,33.66.214.56,Associate Professor,Skinix
650,Heall,McPhail,hmcphaili1@a8.net,Male,51.222.2.91,Marketing Manager,Izio
651,Christoper,Playfoot,cplayfooti2@topsy.com,Male,120.106.131.142,Office Assistant IV,Yacero
652,Anny,Lynnitt,alynnitti3@shareasale.com,Female,39.79.229.208,Civil Engineer,Yodel
653,Britt,Shenton,bshentoni4@mit.edu,Female,39.231.97.150,Account Representative III,Tekfly
654,Elsy,Blamey,eblameyi5@vinaora.com,Female,76.47.11.174,Quality Control Specialist,Youspan
655,Myrna,Guymer,mguymeri6@amazon.co.uk,Female,115.58.199.25,Quality Control Specialist,Oyoloo
656,Rosemary,Siley,rsileyi7@prlog.org,Female,135.63.129.111,Business Systems Development Analyst,Jabbersphere
657,Laurella,Dyhouse,ldyhousei8@marketwatch.com,Female,233.107.48.235,Associate Professor,Thoughtworks
658,Katalin,Weben,kwebeni9@smugmug.com,Female,20.208.30.166,Product Engineer,Realcube
659,Eddi,Kropp,ekroppia@usatoday.com,Female,13.120.100.3,Developer III,Mynte
660,Haydon,Dodding,hdoddingib@aol.com,Male,248.147.79.20,Help Desk Operator,Skipstorm
661,Lucita,Walcher,lwalcheric@slashdot.org,Female,201.41.68.239,Quality Control Specialist,Voonte
662,Art,Lavery,alaveryid@lulu.com,Male,228.25.163.53,Nurse,Jabberstorm
663,Bealle,Soden,bsodenie@aol.com,Male,59.219.89.161,Financial Advisor,Skynoodle
664,Anselm,Cuerdale,acuerdaleif@telegraph.co.uk,Male,31.244.148.202,Assistant Media Planner,Wikizz
665,Karim,Rolinson,krolinsonig@google.co.uk,Male,108.193.113.91,Safety Technician II,Jabberbean
666,Paolina,Flawith,pflawithih@devhub.com,Bigender,149.251.93.50,Health Coach IV,Buzzster
667,Peggi,Brook,pbrookii@nifty.com,Female,241.162.152.242,Environmental Tech,Ntag
668,Rod,Tivolier,rtivolierij@reverbnation.com,Male,244.24.23.178,Cost Accountant,Devify
669,Klemens,Santino,ksantinoik@g.co,Male,13.84.119.196,Information Systems Manager,Buzzster
670,Valentia,Tomei,vtomeiil@ovh.net,Female,69.254.225.233,Financial Advisor,Dazzlesphere
671,Constanta,Summerly,csummerlyim@cargocollective.com,Female,163.20.65.102,Programmer IV,Yakijo
672,Melodie,Huby,mhubyin@cpanel.net,Female,6.135.38.225,Speech Pathologist,Dynazzy
673,Bernadette,Allwright,ballwrightio@indiegogo.com,Female,226.95.7.246,Executive Secretary,Cogibox
674,Earle,Knyvett,eknyvettip@irs.gov,Male,68.151.118.99,Environmental Tech,Miboo
675,Illa,Michelet,imicheletiq@chronoengine.com,Female,245.96.22.163,Software Consultant,Oyonder
676,Kym,Saltern,ksalternir@ifeng.com,Female,84.114.114.221,Social Worker,Topicshots
677,Colene,Rosenhaupt,crosenhauptis@cpanel.net,Female,213.37.15.167,Software Test Engineer III,Mita
678,Reiko,Oliphard,roliphardit@list-manage.com,Female,193.10.191.168,VP Accounting,Tagopia
679,Ingeberg,Llewhellin,illewhelliniu@issuu.com,Female,46.234.111.9,Editor,Edgeify
680,Candra,Iannini,cianniniiv@addthis.com,Female,43.106.170.94,Account Executive,Innotype
681,Lauren,Edginton,ledgintoniw@chron.com,Male,88.178.214.129,Analog Circuit Design manager,Quimba
682,Helaine,Chastanet,hchastanetix@github.com,Female,152.245.97.48,Project Manager,Yoveo
683,Roth,Chastanet,rchastanetiy@smugmug.com,Male,63.252.189.242,Technical Writer,Yombu
684,Jaine,Paute,jpauteiz@delicious.com,Agender,155.23.174.134,Office Assistant III,Dynabox
685,Saw,Gary,sgaryj0@virginia.edu,Male,113.10.19.122,Office Assistant II,Meejo
686,Allx,Nutkins,anutkinsj1@miitbeian.gov.cn,Female,221.160.244.128,Professor,Bubbletube
687,Mordy,Frotton,mfrottonj2@bbb.org,Male,180.145.103.18,Safety Technician III,Innojam
688,Tilda,Whall,twhallj3@auda.org.au,Female,191.113.45.28,Administrative Assistant III,JumpXS
689,Lora,MacGinlay,lmacginlayj4@sohu.com,Female,114.61.210.4,Software Consultant,Kazu
690,Rikki,McLaverty,rmclavertyj5@reuters.com,Male,209.155.237.110,Safety Technician I,Zoozzy
691,Huey,Oliveira,holiveiraj6@seesaa.net,Male,56.202.34.41,Data Coordiator,Reallinks
692,Gardiner,Glason,gglasonj7@hugedomains.com,Male,192.14.212.38,Office Assistant III,Kanoodle
693,Nance,Isacoff,nisacoffj8@squidoo.com,Female,151.53.190.15,Research Assistant I,Roombo
694,Christoforo,Greenroyd,cgreenroydj9@boston.com,Male,46.65.0.107,Research Associate,Trudeo
695,Wilt,Klees,wkleesja@rediff.com,Male,10.208.31.236,Senior Financial Analyst,Tagfeed
696,Krysta,Graddon,kgraddonjb@reference.com,Female,80.117.32.5,Safety Technician I,Yadel
697,Innis,Synnot,isynnotjc@nbcnews.com,Male,212.153.243.251,Compensation Analyst,Nlounge
698,Dorette,Marusyak,dmarusyakjd@theguardian.com,Bigender,198.191.85.19,Analyst Programmer,Yata
699,Ilka,Shapland,ishaplandje@marriott.com,Female,215.227.104.140,Senior Cost Accountant,Innojam
700,Bald,Skelton,bskeltonjf@symantec.com,Male,159.171.124.215,Sales Associate,Divavu
701,Gertrude,Edworthye,gedworthyejg@cloudflare.com,Female,59.152.31.148,Programmer Analyst II,DabZ
702,Hodge,Cholonin,hcholoninjh@tmall.com,Male,195.243.198.115,Information Systems Manager,Npath
703,Sonny,Bartaletti,sbartalettiji@opensource.org,Male,36.196.201.16,Recruiting Manager,Kwimbee
704,Shell,Grimoldby,sgrimoldbyjj@indiegogo.com,Male,237.38.29.240,Geological Engineer,Thoughtsphere
705,Kylila,MacBain,kmacbainjk@tripadvisor.com,Genderqueer,77.72.23.62,Senior Sales Associate,Edgeblab
706,Olive,Readwood,oreadwoodjl@imageshack.us,Female,165.135.43.173,GIS Technical Architect,Ainyx
707,Portia,Jakel,pjakeljm@amazonaws.com,Female,193.74.58.175,Health Coach III,Roomm
708,Electra,Garaway,egarawayjn@usnews.com,Female,86.190.227.86,Human Resources Assistant I,Voolith
709,Cammy,Lanphier,clanphierjo@stumbleupon.com,Female,17.187.103.131,Speech Pathologist,Livetube
710,Devin,Ceillier,dceillierjp@phoca.cz,Male,233.86.173.185,Registered Nurse,Zazio
711,Loleta,Pollie,lpolliejq@youtube.com,Female,2.73.132.147,Cost Accountant,Eamia
712,Bran,Domenici,bdomenicijr@patch.com,Male,179.65.88.86,Engineer III,Eadel
713,Samantha,Van Leijs,svanleijsjs@sogou.com,Female,92.29.31.201,Analog Circuit Design manager,Trudeo
714,Jillane,Karadzas,jkaradzasjt@blinklist.com,Female,230.188.57.209,Engineer II,Youbridge
715,Katey,Lax,klaxju@addthis.com,Female,130.145.186.137,Physical Therapy Assistant,Edgeify
716,Damon,Spensley,dspensleyjv@google.de,Male,70.39.251.197,Analog Circuit Design manager,Topiczoom
717,Em,D'Onise,edonisejw@si.edu,Female,122.71.9.7,Programmer II,Chatterpoint
718,Juli,Williscroft,jwilliscroftjx@bravesites.com,Female,48.62.234.137,Software Test Engineer III,Twitterbridge
719,Cazzie,Rudyard,crudyardjy@flavors.me,Male,103.227.226.105,VP Sales,Jatri
720,Araldo,L'argent,alargentjz@elpais.com,Male,245.11.13.185,Geologist I,Vitz
721,Corbet,Bolden,cboldenk0@istockphoto.com,Male,195.112.113.126,Physical Therapy Assistant,Abatz
722,Faye,Scarr,fscarrk1@msn.com,Female,24.121.103.135,Nurse,Voolith
723,Phil,Boecke,pboeckek2@amazon.com,Male,233.26.112.165,Operator,Leenti
724,Ferguson,Jellis,fjellisk3@fotki.com,Male,148.72.85.69,Senior Sales Associate,Kazu
725,Darrick,Cassimer,dcassimerk4@samsung.com,Male,229.192.38.73,Engineer II,Tazz
726,Korie,Cowser,kcowserk5@dot.gov,Female,30.69.74.179,Director of Sales,Blogspan
727,Tallie,Gionettitti,tgionettittik6@yahoo.com,Female,148.185.235.184,VP Marketing,Zoonder
728,Genevieve,Frostick,gfrostickk7@springer.com,Female,46.128.247.90,Assistant Professor,Snaptags
729,Cliff,Lincoln,clincolnk8@google.com.au,Male,231.103.235.165,Research Nurse,Yodo
730,Ransom,Teather,rteatherk9@last.fm,Male,88.112.114.181,Staff Scientist,Topicshots
731,Milzie,Melmar,mmelmarka@opera.com,Female,95.94.90.20,Social Worker,Realpoint
732,Lanie,Aingel,laingelkb@mail.ru,Bigender,116.28.241.163,Financial Advisor,Roodel
733,Jamey,Bartlett,jbartlettkc@shutterfly.com,Male,135.251.140.84,Desktop Support Technician,Realfire
734,Verena,Bilverstone,vbilverstonekd@1und1.de,Female,65.12.219.170,Internal Auditor,Tagfeed
735,Michelle,Torr,mtorrke@livejournal.com,Female,231.140.197.127,Financial Advisor,Yodoo
736,Cissy,Tompkins,ctompkinskf@yandex.ru,Female,29.211.239.137,Assistant Manager,Blognation
737,Gilli,Bereford,gberefordkg@reverbnation.com,Bigender,144.4.75.193,Occupational Therapist,Bubblemix
738,Johannes,Hobbing,jhobbingkh@tinypic.com,Male,199.44.37.84,Assistant Professor,Voomm
739,Shea,Kurdani,skurdaniki@techcrunch.com,Genderfluid,25.28.220.198,Developer I,Feednation
740,Daniel,O'Lynn,dolynnkj@acquirethisname.com,Male,136.169.196.114,VP Accounting,Dabfeed
741,Hester,Mattiessen,hmattiessenkk@abc.net.au,Female,174.58.3.84,Environmental Specialist,Zoozzy
742,Florance,Offin,foffinkl@spotify.com,Female,230.254.14.231,Statistician IV,Bubbletube
743,Buddy,Atherley,batherleykm@ebay.co.uk,Male,220.178.132.98,Budget/Accounting Analyst I,Jazzy
744,Ahmad,Woodburne,awoodburnekn@wikispaces.com,Male,118.198.209.167,General Manager,Minyx
745,Corey,Sorton,csortonko@last.fm,Female,222.58.155.146,Clinical Specialist,Fatz
746,Mala,Standen,mstandenkp@odnoklassniki.ru,Female,136.99.146.189,Assistant Professor,Vinte
747,Esdras,Redpath,eredpathkq@odnoklassniki.ru,Male,48.51.188.8,Accounting Assistant I,Rhyloo
748,Kennan,Wheelband,kwheelbandkr@fastcompany.com,Male,23.112.164.253,Structural Analysis Engineer,Lazz
749,Loralie,Dudeney,ldudeneyks@springer.com,Female,203.248.160.90,Legal Assistant,Thoughtmix
750,Maude,Potzold,mpotzoldkt@ucoz.ru,Female,182.235.55.22,Director of Sales,Topicblab
751,Maude,Pimlett,mpimlettku@opensource.org,Female,187.165.107.3,Senior Financial Analyst,Ainyx
752,James,Fairlamb,jfairlambkv@1688.com,Male,197.219.30.223,Staff Accountant II,Realfire
753,Pippy,Greyes,pgreyeskw@deliciousdays.com,Female,107.233.134.244,Registered Nurse,Browsecat
754,Claresta,Grinvalds,cgrinvaldskx@google.com.au,Female,118.48.101.124,Account Executive,Quimba
755,Susannah,Perigo,sperigoky@aol.com,Female,234.224.193.162,Quality Engineer,Babbleopia
756,Raye,Corkhill,rcorkhillkz@fda.gov,Female,239.106.62.161,Data Coordiator,Feednation
757,Eloisa,Lissett,elissettl0@cdc.gov,Polygender,66.1.143.107,Registered Nurse,Bluejam
758,Maxy,Guerre,mguerrel1@homestead.com,Female,64.122.221.110,Research Nurse,Youbridge
759,Davie,Toomey,dtoomeyl2@sfgate.com,Male,121.33.231.123,Senior Quality Engineer,Meeveo
760,Lorrayne,Gotter,lgotterl3@bloglovin.com,Female,138.205.204.64,Geological Engineer,Yodel
761,Dewitt,Bread,dbreadl4@t-online.de,Male,216.225.235.244,Senior Developer,Innotype
762,Adolf,Filyaev,afilyaevl5@unblog.fr,Male,162.106.102.213,Cost Accountant,Eazzy
763,Leanna,Peperell,lpeperelll6@dot.gov,Female,21.32.124.166,Nuclear Power Engineer,Npath
764,Susan,Loutheane,sloutheanel7@wikia.com,Female,0.121.76.76,Office Assistant II,Skippad
765,Bartram,Lecordier,blecordierl8@wunderground.com,Male,192.84.150.94,Nurse Practicioner,Wikibox
766,Tanhya,Corwood,tcorwoodl9@flickr.com,Female,120.143.118.113,Environmental Specialist,Eire
767,Marni,Rainton,mraintonla@reuters.com,Female,244.32.68.93,Nurse Practicioner,Mybuzz
768,Genevra,Thyer,gthyerlb@eepurl.com,Female,66.23.147.30,Quality Engineer,Eazzy
769,Margy,Arrighi,marrighilc@google.ca,Female,187.179.11.218,Cost Accountant,Feednation
770,Dot,Tewes,dtewesld@pinterest.com,Female,174.29.127.133,Developer IV,Jamia
771,Celestine,Baudy,cbaudyle@dmoz.org,Female,245.111.33.78,Sales Associate,Abatz
772,Nina,Dellenty,ndellentylf@diigo.com,Female,19.115.222.16,Structural Engineer,Skyvu
773,Nicolina,Blissitt,nblissittlg@tumblr.com,Female,184.205.206.117,Software Consultant,Leexo
774,Noami,Danilovitch,ndanilovitchlh@myspace.com,Female,180.137.92.176,Programmer I,Trilith
775,Cristian,McFayden,cmcfaydenli@deviantart.com,Male,171.76.104.157,Professor,Ailane
776,Sergeant,Azema,sazemalj@oracle.com,Male,128.39.51.90,Geologist I,Wikido
777,Celle,Wicher,cwicherlk@narod.ru,Female,253.154.14.191,Budget/Accounting Analyst IV,Dabjam
778,Rosanne,Postgate,rpostgatell@tuttocitta.it,Female,4.227.197.244,Senior Sales Associate,Buzzdog
779,Dorelia,Vaughten,dvaughtenlm@princeton.edu,Female,59.190.96.205,Accountant IV,Avavee
780,Elliott,Van der Veldt,evanderveldtln@bigcartel.com,Male,34.61.42.196,Operator,Yodel
781,Roi,Drivers,rdriverslo@themeforest.net,Male,52.239.128.192,Operator,Agivu
782,Tymothy,Follan,tfollanlp@alexa.com,Male,226.240.111.143,Computer Systems Analyst IV,Skipstorm
783,Donall,Darnody,ddarnodylq@dyndns.org,Male,100.89.114.48,Director of Sales,Jetwire
784,Lucas,Fahy,lfahylr@cnet.com,Male,238.74.127.145,Chemical Engineer,Edgewire
785,Miquela,Bastock,mbastockls@mashable.com,Female,182.127.67.209,Software Test Engineer II,Quire
786,Sindee,Hubbocks,shubbockslt@google.com.br,Female,103.157.177.89,Financial Analyst,Thoughtblab
787,Arlin,Wimp,awimplu@typepad.com,Male,130.130.24.182,Professor,Gabvine
788,Perle,Mourton,pmourtonlv@netlog.com,Female,84.164.10.91,Clinical Specialist,Blogspan
789,Starlin,Fowden,sfowdenlw@springer.com,Female,112.41.233.170,Chief Design Engineer,Twitternation
790,Ogdan,Flaonier,oflaonierlx@un.org,Male,141.127.227.96,Automation Specialist II,Kanoodle
791,Jefferson,Meredith,jmeredithly@mozilla.org,Male,220.63.34.209,Speech Pathologist,Eare
792,Onofredo,Frounks,ofrounkslz@posterous.com,Male,41.83.53.84,Electrical Engineer,Blogtags
793,Hart,Clayton,hclaytonm0@webmd.com,Male,103.211.61.160,Librarian,Riffwire
794,Saunder,Johnes,sjohnesm1@tripod.com,Bigender,129.85.226.135,Developer II,Jayo
795,Valentine,Form,vformm2@wsj.com,Female,120.182.92.171,Teacher,Devshare
796,Marshal,Renahan,mrenahanm3@cisco.com,Male,81.49.5.14,Civil Engineer,Chatterbridge
797,Lefty,Baumford,lbaumfordm4@who.int,Bigender,208.46.213.62,Actuary,Tanoodle
798,Wells,Aust,waustm5@ed.gov,Male,73.152.203.140,Recruiting Manager,Zooxo
799,Kermy,Lahy,klahym6@cbc.ca,Male,77.238.228.90,Programmer Analyst II,Realblab
800,Woody,McGarel,wmcgarelm7@qq.com,Male,135.216.51.165,Legal Assistant,Gigabox
801,Carolina,Kemitt,ckemittm8@github.com,Female,21.248.71.77,GIS Technical Architect,Linkbridge
802,Peggie,Petrosian,ppetrosianm9@unesco.org,Female,57.95.139.139,Librarian,Devpulse
803,Frederic,Bourdon,fbourdonma@etsy.com,Male,121.170.211.37,Assistant Professor,Realfire
804,Gracie,Jerdein,gjerdeinmb@bizjournals.com,Female,6.136.19.129,Accounting Assistant II,Aibox
805,Florinda,Sybbe,fsybbemc@oracle.com,Female,53.247.209.144,Staff Scientist,Babbleset
806,Gleda,Caulfield,gcaulfieldmd@bigcartel.com,Female,167.9.33.28,Business Systems Development Analyst,Blogspan
807,Edeline,Deners,edenersme@privacy.gov.au,Female,199.161.103.242,Office Assistant IV,Zoombox
808,Gawain,Kissick,gkissickmf@engadget.com,Male,242.31.247.227,Sales Associate,Feedmix
809,Lainey,Izzat,lizzatmg@plala.or.jp,Female,226.46.14.149,Programmer III,Jaxspan
810,Brigg,Wake,bwakemh@weebly.com,Male,92.112.208.209,Account Coordinator,Quinu
811,Colman,Flippen,cflippenmi@usa.gov,Male,116.25.249.11,Chemical Engineer,Skynoodle
812,Marnia,Stithe,mstithemj@businessweek.com,Female,120.215.110.184,Help Desk Technician,Thoughtblab
813,Kristina,Pashen,kpashenmk@ucoz.ru,Genderqueer,176.66.96.58,Chief Design Engineer,Photobean
814,Lucine,Abel,labelml@microsoft.com,Female,216.64.86.195,Paralegal,Blogspan
815,Cobby,Billiard,cbilliardmm@theglobeandmail.com,Male,27.148.97.66,Account Coordinator,Gabtype
816,Burtie,Solman,bsolmanmn@mashable.com,Male,140.49.4.165,Professor,Tazz
817,Derril,Dyerson,ddyersonmo@marketwatch.com,Male,117.71.247.229,Health Coach III,Roomm
818,Marlena,Shrive,mshrivemp@google.co.jp,Female,100.23.101.19,Account Coordinator,Jabbersphere
819,Moshe,Vanyakin,mvanyakinmq@nbcnews.com,Male,136.34.154.76,VP Accounting,Dynazzy
820,Edik,Ismead,eismeadmr@jigsy.com,Male,155.176.31.90,Junior Executive,Gigabox
821,Tabb,Bus,tbusms@delicious.com,Male,10.109.177.124,Computer Systems Analyst II,Yodoo
822,Alleyn,Sargerson,asargersonmt@usda.gov,Male,241.168.41.15,Structural Engineer,Bubblebox
823,Ethel,Lartice,elarticemu@columbia.edu,Female,26.110.73.75,Analyst Programmer,Dynabox
824,Viviana,Rugiero,vrugieromv@wikispaces.com,Female,170.115.195.50,VP Product Management,Wordpedia
825,Hubie,Blanchet,hblanchetmw@canalblog.com,Male,107.146.74.164,Environmental Specialist,Skivee
826,Maria,Harder,mhardermx@w3.org,Female,13.187.15.163,VP Accounting,Chatterbridge
827,Cary,Gostridge,cgostridgemy@msn.com,Female,130.7.54.126,Computer Systems Analyst II,Bubblemix
828,Armin,Schrei,aschreimz@hugedomains.com,Male,133.194.66.111,Tax Accountant,Vidoo
829,Ailbert,Moiser,amoisern0@aol.com,Male,169.230.220.244,Structural Engineer,Eidel
830,Mackenzie,Scowcroft,mscowcroftn1@ifeng.com,Male,45.80.87.242,Data Coordiator,Linkbridge
831,Lutero,Rundle,lrundlen2@constantcontact.com,Male,126.128.145.255,Quality Engineer,Kare
832,Romola,Gander,rgandern3@umich.edu,Female,56.26.56.74,Financial Analyst,Vipe
833,Arleen,Panting,apantingn4@linkedin.com,Female,30.25.123.161,Assistant Professor,Kaymbo
834,Giustino,Leer,gleern5@artisteer.com,Male,104.106.25.75,Compensation Analyst,Avamba
835,Flossie,Castellone,fcastellonen6@sourceforge.net,Female,155.30.179.231,Senior Editor,Demimbu
836,Effie,Hubber,ehubbern7@blogspot.com,Female,105.144.26.210,Librarian,Skilith
837,Antoinette,Domb,adombn8@sitemeter.com,Female,3.159.195.22,Sales Associate,Midel
838,Sari,Kunrad,skunradn9@dailymotion.com,Female,8.144.76.95,Junior Executive,Babbleset
839,Solomon,Duck,sduckna@timesonline.co.uk,Male,118.105.159.6,Occupational Therapist,Skiba
840,Ban,Dicke,bdickenb@soundcloud.com,Agender,38.58.2.127,Account Representative II,Skyndu
841,Tuckie,Russo,trussonc@domainmarket.com,Male,204.62.168.186,Operator,Flashpoint
842,Marjorie,Bolver,mbolvernd@miitbeian.gov.cn,Female,248.203.48.252,Accounting Assistant III,Skyba
843,Tony,Berford,tberfordne@nifty.com,Female,177.192.43.5,Mechanical Systems Engineer,Shuffledrive
844,Bernardine,Tassell,btassellnf@hostgator.com,Female,157.122.72.152,Executive Secretary,Twitternation
845,Gerick,Eble,gebleng@redcross.org,Male,33.201.65.103,Information Systems Manager,Aimbo
846,Bastian,Pococke,bpocockenh@uol.com.br,Male,253.189.208.71,Assistant Professor,Aimbo
847,Viviene,Milthorpe,vmilthorpeni@blinklist.com,Genderqueer,141.61.255.79,VP Product Management,Brainbox
848,Julieta,Stilling,jstillingnj@europa.eu,Female,95.5.174.190,Librarian,Browseblab
849,Laina,Ipsly,lipslynk@usda.gov,Female,58.56.133.2,Assistant Media Planner,Npath
850,Dreddy,O' Markey,domarkeynl@liveinternet.ru,Female,122.112.3.1,Technical Writer,Youtags
851,Corrinne,Snawden,csnawdennm@bbc.co.uk,Female,100.208.65.71,Administrative Officer,Zoonoodle
852,Filmore,Coull,fcoullnn@nps.gov,Male,4.211.170.117,Editor,Skivee
853,Bendite,Fullard,bfullardno@wunderground.com,Bigender,140.47.42.16,Graphic Designer,Rhyloo
854,Jude,Bilovsky,jbilovskynp@aol.com,Male,148.119.238.110,Programmer Analyst I,Yoveo
855,Barbi,Gaythwaite,bgaythwaitenq@timesonline.co.uk,Female,176.203.80.77,Structural Engineer,Yodoo
856,Yulma,Gullyes,ygullyesnr@toplist.cz,Male,213.94.223.177,Research Associate,Feedfish
857,Hali,Widdows,hwiddowsns@deliciousdays.com,Bigender,252.31.102.4,Office Assistant IV,Twimbo
858,Joel,Harding,jhardingnt@pagesperso-orange.fr,Male,111.153.224.119,Product Engineer,Shufflebeat
859,Francene,Starbeck,fstarbecknu@fema.gov,Female,46.38.177.167,Assistant Manager,Aimbo
860,Auberon,Hateley,ahateleynv@marriott.com,Male,10.93.189.193,Help Desk Operator,Bluejam
861,Ryan,Rollitt,rrollittnw@utexas.edu,Male,5.78.33.174,Environmental Tech,Cogibox
862,Pearl,Sparrow,psparrownx@csmonitor.com,Non-binary,245.25.141.35,Chief Design Engineer,Youbridge
863,Althea,Soppett,asoppettny@buzzfeed.com,Female,43.167.52.179,Programmer IV,Yamia
864,Vic,Ivakhnov,vivakhnovnz@abc.net.au,Male,141.168.206.57,Chief Design Engineer,Vinte
865,Leora,Ambrosi,lambrosio0@delicious.com,Female,7.32.9.79,Senior Cost Accountant,Ooba
866,Elladine,Poyzer,epoyzero1@bizjournals.com,Female,206.115.110.24,Senior Financial Analyst,Twitterbridge
867,Cary,Joannidi,cjoannidio2@google.fr,Female,69.55.138.175,Senior Developer,Rhyloo
868,Tierney,Chaffer,tchaffero3@123-reg.co.uk,Female,156.233.90.89,Account Coordinator,Topdrive
869,Burgess,Van der Baaren,bvanderbaareno4@free.fr,Male,255.26.181.30,Chief Design Engineer,Oyondu
870,Cori,Cecere,ccecereo5@de.vu,Polygender,164.172.161.175,Administrative Assistant II,Trupe
871,Kennan,Ballingal,kballingalo6@intel.com,Male,213.88.128.192,Junior Executive,Meedoo
872,Dorothy,Balding,dbaldingo7@weibo.com,Female,48.230.66.60,Data Coordiator,Ntag
873,Ranee,Kevern,rkeverno8@barnesandnoble.com,Female,74.20.150.56,Computer Systems Analyst IV,Thoughtsphere
874,Sandro,Pedlow,spedlowo9@wsj.com,Male,132.213.94.52,Media Manager II,Feedbug
875,Carce,Eaton,ceatonoa@baidu.com,Male,138.33.38.13,Cost Accountant,Yambee
876,Darrell,Eager,deagerob@wp.com,Male,240.30.8.21,Staff Accountant IV,Meembee
877,Johanna,Adriaan,jadriaanoc@printfriendly.com,Female,75.149.222.137,Account Executive,Edgeblab
878,Pepito,Redrup,predrupod@alexa.com,Male,231.116.223.191,Director of Sales,Centidel
879,Dionis,McNirlan,dmcnirlanoe@umich.edu,Non-binary,162.200.70.80,Account Representative I,Muxo
880,Tristan,O'Docherty,todochertyof@icio.us,Male,33.40.52.197,Quality Engineer,Myworks
881,Aeriell,Garrish,agarrishog@nba.com,Non-binary,124.27.241.178,VP Product Management,Brainbox
882,Akim,Corsan,acorsanoh@nature.com,Male,59.98.72.181,Compensation Analyst,Kaymbo
883,Meredith,Lorkings,mlorkingsoi@ox.ac.uk,Male,144.54.48.20,Tax Accountant,Brightdog
884,Marlowe,Gartside,mgartsideoj@nydailynews.com,Male,183.234.49.113,Biostatistician I,Tagpad
885,Neely,Tipling,ntiplingok@cocolog-nifty.com,Female,133.233.1.122,Professor,Photofeed
886,Butch,Matusovsky,bmatusovskyol@ted.com,Male,211.182.63.206,VP Quality Control,Topiclounge
887,Rriocard,Stein,rsteinom@cnn.com,Male,229.161.243.168,Research Nurse,BlogXS
888,Jaquelyn,Emlin,jemlinon@163.com,Female,210.193.60.56,Accounting Assistant III,Oba
889,Isa,Clerke,iclerkeoo@xrea.com,Female,54.201.155.69,Analyst Programmer,Flashspan
890,Ransom,Wisdom,rwisdomop@dell.com,Male,175.234.58.162,Civil Engineer,Jaxworks
891,Reeva,Hadley,rhadleyoq@tamu.edu,Non-binary,224.199.115.71,Food Chemist,Yodo
892,Janis,Corps,jcorpsor@1688.com,Genderfluid,219.37.250.96,Staff Accountant IV,Kayveo
893,Leon,Grabiec,lgrabiecos@friendfeed.com,Male,11.233.179.130,Associate Professor,Edgeblab
894,Kendra,Pendergrast,kpendergrastot@sciencedirect.com,Female,181.2.157.13,VP Quality Control,Demimbu
895,Ronni,Blurton,rblurtonou@sciencedaily.com,Female,22.35.209.222,Environmental Tech,Youopia
896,Zedekiah,Lippingwell,zlippingwellov@japanpost.jp,Male,215.217.84.79,Paralegal,Fivechat
897,Paul,Hayto,phaytoow@aol.com,Male,81.7.197.254,Research Associate,Midel
898,Caryn,Goggan,cgogganox@g.co,Female,42.54.217.20,Nuclear Power Engineer,Centidel
899,Garland,Morby,gmorbyoy@hhs.gov,Female,247.195.134.132,Social Worker,Blogspan
900,Hadleigh,Clynter,hclynteroz@berkeley.edu,Male,3.173.148.27,Registered Nurse,Chatterbridge
901,Silvester,Chestney,schestneyp0@bizjournals.com,Male,155.62.124.108,Project Manager,Innojam
902,Konstanze,Dunseath,kdunseathp1@php.net,Female,49.11.139.22,Account Executive,Meezzy
903,Vidovik,Timeby,vtimebyp2@google.pl,Male,86.218.245.7,Health Coach IV,Thoughtstorm
904,Brice,Bracegirdle,bbracegirdlep3@google.com.au,Male,136.78.89.99,VP Marketing,Thoughtblab
905,Hilario,Bensen,hbensenp4@shareasale.com,Non-binary,231.99.208.204,Staff Accountant IV,LiveZ
906,Evelina,Halifax,ehalifaxp5@wunderground.com,Female,220.158.236.8,Account Executive,Tambee
907,Georgeanne,Heffernon,gheffernonp6@msn.com,Female,38.126.63.162,VP Marketing,Devpoint
908,Adrianna,Iban,aibanp7@google.pl,Female,73.181.111.36,Nurse,Demimbu
909,Cordey,Rowatt,crowattp8@oracle.com,Female,96.220.184.11,Account Executive,Skaboo
910,Eldredge,McKeowon,emckeowonp9@ox.ac.uk,Male,234.37.195.53,Software Engineer I,Feedspan
911,Isa,Hainge,ihaingepa@sfgate.com,Male,126.205.115.90,Pharmacist,Agimba
912,Gerry,Nowland,gnowlandpb@purevolume.com,Male,164.234.73.93,Quality Control Specialist,Izio
913,Gareth,Gilbane,ggilbanepc@prlog.org,Male,154.206.157.104,Staff Scientist,Youspan
914,Tam,Crabb,tcrabbpd@mit.edu,Male,80.237.68.182,Information Systems Manager,Skynoodle
915,Ryun,Glanz,rglanzpe@ezinearticles.com,Male,158.216.232.77,Accounting Assistant II,Lazzy
916,Claudell,Zanicchi,czanicchipf@soup.io,Male,95.254.187.82,Analog Circuit Design manager,Vimbo
917,Georgeanne,Tuttiett,gtuttiettpg@digg.com,Female,243.106.204.231,Payment Adjustment Coordinator,Blogtag
918,Birk,Morstatt,bmorstattph@census.gov,Male,135.91.70.23,Registered Nurse,Blognation
919,Lucy,Sannes,lsannespi@woothemes.com,Female,79.163.191.193,General Manager,Meejo
920,Annetta,McCromley,amccromleypj@sciencedirect.com,Female,7.157.250.198,Analog Circuit Design manager,Rhyzio
921,Mitchael,Andrzejak,mandrzejakpk@fc2.com,Male,57.219.164.23,Analog Circuit Design manager,Jatri
922,Casandra,Beeston,cbeestonpl@state.gov,Female,182.74.219.97,General Manager,Twitterworks
923,Rosemarie,Chatan,rchatanpm@reference.com,Female,76.82.45.147,Accounting Assistant I,Thoughtmix
924,Reinald,Dole,rdolepn@is.gd,Male,110.202.182.141,Marketing Manager,Tekfly
925,Roxanne,Oake,roakepo@google.co.jp,Agender,93.140.69.139,GIS Technical Architect,Topiclounge
926,Kellyann,Soulsby,ksoulsbypp@msn.com,Genderfluid,157.255.50.100,Payment Adjustment Coordinator,Vipe
927,Meghan,Burbridge,mburbridgepq@slate.com,Female,196.167.143.179,Executive Secretary,Jaxworks
928,Enrico,Hiers,ehierspr@yandex.ru,Male,218.140.37.141,Nuclear Power Engineer,Livefish
929,Law,Petraitis,lpetraitisps@amazon.com,Male,207.53.85.29,Help Desk Operator,Flashspan
930,Miof mela,Lockton,mlocktonpt@wikimedia.org,Female,179.115.13.82,Research Associate,Leenti
931,Terrijo,McFadden,tmcfaddenpu@studiopress.com,Female,84.24.9.36,Financial Analyst,Ozu
932,Marcella,Crookshanks,mcrookshankspv@edublogs.org,Female,58.137.64.186,VP Sales,Thoughtbeat
933,Roger,Fullilove,rfullilovepw@nhs.uk,Male,177.50.125.124,Senior Quality Engineer,Realmix
934,Clifford,Gaskin,cgaskinpx@google.com.hk,Male,17.226.57.168,Research Associate,Voolia
935,Kittie,Brignall,kbrignallpy@constantcontact.com,Female,179.90.148.96,Database Administrator IV,Photofeed
936,Aaren,Fierro,afierropz@upenn.edu,Female,61.160.248.140,Engineer III,Avamm
937,Gerianna,Espinal,gespinalq0@imgur.com,Female,0.170.176.28,Senior Cost Accountant,Ozu
938,Marylee,Salzburg,msalzburgq1@php.net,Female,220.218.25.190,Structural Analysis Engineer,Meetz
939,Sally,Latta,slattaq2@patch.com,Female,7.44.63.177,Help Desk Operator,Buzzster
940,Elga,Huard,ehuardq3@zimbio.com,Genderfluid,31.248.123.253,Quality Engineer,Feedfish
941,Elysha,Walasik,ewalasikq4@wikia.com,Female,170.241.226.130,Analog Circuit Design manager,Dablist
942,Alfy,Vasin,avasinq5@dedecms.com,Male,52.215.137.51,Associate Professor,Skimia
943,Willy,Dene,wdeneq6@ovh.net,Male,171.59.8.221,Staff Accountant I,Yambee
944,Ximenes,Folds,xfoldsq7@altervista.org,Male,51.101.230.161,Senior Cost Accountant,Voomm
945,Zach,MacColl,zmaccollq8@globo.com,Male,29.230.194.194,Cost Accountant,Zoomlounge
946,Antoni,Ashborne,aashborneq9@wikia.com,Male,42.226.116.198,VP Accounting,Avaveo
947,Artus,Charteris,acharterisqa@yelp.com,Male,43.183.255.34,Help Desk Technician,Youspan
948,De,Muehle,dmuehleqb@ftc.gov,Female,1.235.132.124,Database Administrator I,Katz
949,Kaia,McBain,kmcbainqc@nationalgeographic.com,Female,239.215.204.170,Senior Sales Associate,Skilith
950,Keefer,Schottli,kschottliqd@rambler.ru,Male,225.229.200.60,Geologist I,Dabvine
951,Hillery,Jeves,hjevesqe@bing.com,Bigender,201.180.248.132,Analog Circuit Design manager,Twitterwire
952,Gerardo,Moens,gmoensqf@imageshack.us,Bigender,235.155.28.219,Executive Secretary,Podcat
953,Cherida,Matteotti,cmatteottiqg@taobao.com,Female,102.138.204.197,Recruiter,Flashpoint
954,Artie,Allright,aallrightqh@shop-pro.jp,Non-binary,40.233.199.154,Senior Quality Engineer,Trilia
955,Christos,Lack,clackqi@ameblo.jp,Male,32.182.130.42,Software Consultant,Gevee
956,Berne,Raleston,bralestonqj@imgur.com,Male,246.15.142.136,Automation Specialist IV,Rooxo
957,Freemon,Howton,fhowtonqk@t.co,Male,40.109.39.220,Database Administrator I,Demimbu
958,Dyan,Raulstone,draulstoneql@huffingtonpost.com,Female,168.120.156.250,Civil Engineer,Shufflester
959,Christiana,Cristofor,ccristoforqm@weebly.com,Female,94.174.50.240,Technical Writer,Feedspan
960,Penni,Dannell,pdannellqn@uol.com.br,Female,70.15.160.29,Chemical Engineer,Flipbug
961,Chico,Roubottom,croubottomqo@fastcompany.com,Male,51.77.234.51,Web Developer II,Topdrive
962,Leonore,Dowdell,ldowdellqp@dion.ne.jp,Female,212.53.72.229,Information Systems Manager,Realpoint
963,Connor,Rugge,cruggeqq@geocities.jp,Male,81.244.153.127,Internal Auditor,Zava
964,Meade,Nester,mnesterqr@blogtalkradio.com,Male,52.188.57.224,Programmer Analyst II,Dabfeed
965,Merry,Duchateau,mduchateauqs@yellowpages.com,Polygender,78.69.122.74,Compensation Analyst,Kayveo
966,Rochella,Daine,rdaineqt@paginegialle.it,Female,254.25.33.199,Chief Design Engineer,Dabshots
967,Rawley,Blunderfield,rblunderfieldqu@vk.com,Male,160.78.0.165,Staff Accountant I,Devpulse
968,Allyce,Kemm,akemmqv@ycombinator.com,Genderqueer,111.64.158.55,Operator,Mycat
969,Ardith,Broadfield,abroadfieldqw@over-blog.com,Female,62.164.59.129,Executive Secretary,Browsedrive
970,Dorothee,Casperri,dcasperriqx@vistaprint.com,Female,223.21.45.85,Director of Sales,Gabtune
971,Pippa,Giorgio,pgiorgioqy@lulu.com,Female,63.7.105.165,Account Coordinator,Livepath
972,Cesaro,Djurkovic,cdjurkovicqz@wordpress.org,Male,214.102.82.64,Assistant Manager,Thoughtmix
973,Kizzie,Conre,kconrer0@spotify.com,Female,148.2.53.84,Human Resources Assistant III,Fadeo
974,Tadeas,McGourty,tmcgourtyr1@who.int,Male,70.112.79.71,Staff Accountant II,Brainbox
975,Ludovico,Kift,lkiftr2@ezinearticles.com,Male,240.203.197.57,Graphic Designer,Linklinks
976,Halley,Pickburn,hpickburnr3@japanpost.jp,Polygender,155.35.253.86,Structural Analysis Engineer,Feedbug
977,Flossi,Nappin,fnappinr4@barnesandnoble.com,Female,252.163.195.196,Database Administrator III,Centimia
978,Porter,Powner,ppownerr5@reference.com,Male,97.103.17.44,Statistician II,Photofeed
979,Barnie,Cosh,bcoshr6@canalblog.com,Male,123.55.153.29,Staff Accountant III,Realpoint
980,Valenka,Sherington,vsheringtonr7@constantcontact.com,Female,198.76.247.204,Structural Analysis Engineer,Ailane
981,Sibbie,McCambrois,smccambroisr8@bizjournals.com,Female,12.201.61.202,Compensation Analyst,Mynte
982,Nikkie,Edensor,nedensorr9@ebay.co.uk,Female,39.23.110.190,Tax Accountant,Jamia
983,Erin,Penhearow,epenhearowra@usda.gov,Female,130.149.130.188,GIS Technical Architect,Linkbridge
984,Ingeberg,Giggie,igiggierb@sitemeter.com,Female,252.163.52.136,VP Product Management,Wikizz
985,Sianna,Dawley,sdawleyrc@issuu.com,Female,180.221.55.77,Junior Executive,Quinu
986,Talyah,Zappel,tzappelrd@mail.ru,Female,41.15.69.34,Geologist II,Tazzy
987,Myriam,Jonson,mjonsonre@baidu.com,Female,130.175.62.101,Project Manager,Tekfly
988,Barty,Chavrin,bchavrinrf@comsenz.com,Male,27.5.84.237,Cost Accountant,Feedmix
989,Fallon,Sheara,fsheararg@nyu.edu,Female,104.56.77.75,Sales Associate,Rooxo
990,Deirdre,Scneider,dscneiderrh@tripadvisor.com,Female,230.225.176.90,Senior Quality Engineer,Yakijo
991,Raffarty,Slott,rslottri@surveymonkey.com,Male,245.181.112.104,Engineer II,Ainyx
992,Lona,Rahill,lrahillrj@washington.edu,Female,177.43.198.21,Geologist IV,Quire
993,Son,Pfertner,spfertnerrk@ucsd.edu,Male,174.199.241.230,Software Test Engineer IV,Yambee
994,Rouvin,Stuer,rstuerrl@list-manage.com,Genderqueer,118.6.22.19,Payment Adjustment Coordinator,Browsedrive
995,Eduino,Piper,epiperrm@addtoany.com,Male,230.129.249.7,Marketing Assistant,Kare
996,Akim,Meakin,ameakinrn@quantcast.com,Male,43.198.218.179,Teacher,Yabox
997,Ariadne,Oggers,aoggersro@qq.com,Female,42.206.31.41,Assistant Professor,Mita
998,Harlene,Ready,hreadyrp@pinterest.com,Female,116.246.255.112,Social Worker,Trupe
999,Lyell,Daniau,ldaniaurq@nbcnews.com,Male,28.224.155.139,GIS Technical Architect,Rhynyx
1000,Gene,Ossenna,gossennarr@marriott.com,Female,50.142.143.9,Food Chemist,Tavu
